user_id_hash,session_id,timestamp,event_name,platform,app_version
5b0ac0960f8190c3,2b34944fe70a669a,2026-08-01 01:26:39,card_lock_start,ios,8.3.0
5b0ac0960f8190c3,2b34944fe70a669a,2026-08-01 01:26:46,card_select,ios,8.3.0
5b0ac0960f8190c3,2b34944fe70a669a,2026-08-01 01:26:56,lock_reason_select,ios,8.3.0
5b0ac0960f8190c3,2b34944fe70a669a,2026-08-01 01:27:01,lock_confirm,ios,8.3.0
5b0ac0960f8190c3,2b34944fe70a669a,2026-08-01 01:27:02,lock_success,ios,8.3.0
5b0ac0960f8190c3,2b34944fe70a669a,2026-08-01 01:27:46,unlock_start,ios,8.3.0
4563c20b7ce46afe,1b6b7eb51e2fe3e5,2026-08-01 03:42:43,card_lock_start,ios,8.5.0
4563c20b7ce46afe,1b6b7eb51e2fe3e5,2026-08-01 03:42:47,card_select,ios,8.5.0
4563c20b7ce46afe,1b6b7eb51e2fe3e5,2026-08-01 03:42:59,lock_reason_select,ios,8.5.0
4563c20b7ce46afe,1b6b7eb51e2fe3e5,2026-08-01 03:43:04,lock_confirm,ios,8.5.0
4563c20b7ce46afe,1b6b7eb51e2fe3e5,2026-08-01 03:43:06,lock_success,ios,8.5.0
020ea0b93c2250b5,2a2bded56ce6b999,2026-08-01 08:43:55,card_lock_start,ios,8.4.1
7e5104f9f7816d90,3457686a9dd8f993,2026-08-01 08:47:51,card_lock_start,android,8.5.0
7e5104f9f7816d90,3457686a9dd8f993,2026-08-01 08:47:53,card_select,android,8.5.0
7e5104f9f7816d90,3457686a9dd8f993,2026-08-01 08:48:02,lock_reason_select,android,8.5.0
7e5104f9f7816d90,3457686a9dd8f993,2026-08-01 08:48:08,lock_confirm,android,8.5.0
7e5104f9f7816d90,3457686a9dd8f993,2026-08-01 08:48:10,lock_success,android,8.5.0
1b873322b45ca50b,27b8ebeea2495c36,2026-08-01 10:51:07,card_lock_start,ios,8.4.1
1b873322b45ca50b,27b8ebeea2495c36,2026-08-01 10:51:18,card_select,ios,8.4.1
1b873322b45ca50b,27b8ebeea2495c36,2026-08-01 10:51:37,lock_reason_select,ios,8.4.1
1b873322b45ca50b,27b8ebeea2495c36,2026-08-01 10:51:42,lock_confirm,ios,8.4.1
1b873322b45ca50b,27b8ebeea2495c36,2026-08-01 10:51:45,lock_success,ios,8.4.1
1b873322b45ca50b,27b8ebeea2495c36,2026-08-01 10:53:53,unlock_start,ios,8.4.1
1b873322b45ca50b,27b8ebeea2495c36,2026-08-01 10:53:59,unlock_success,ios,8.4.1
157030856025c4df,0e5e622f6939dcaa,2026-08-01 11:56:32,card_lock_start,ios,8.4.1
157030856025c4df,0e5e622f6939dcaa,2026-08-01 11:56:38,card_select,ios,8.4.1
157030856025c4df,0e5e622f6939dcaa,2026-08-01 11:56:57,lock_reason_select,ios,8.4.1
157030856025c4df,0e5e622f6939dcaa,2026-08-01 11:56:59,lock_confirm,ios,8.4.1
157030856025c4df,0e5e622f6939dcaa,2026-08-01 11:57:02,lock_success,ios,8.4.1
1006688ef613d932,3e833331d1287754,2026-08-01 13:04:19,card_lock_start,ios,8.4.1
1006688ef613d932,3e833331d1287754,2026-08-01 13:04:24,card_select,ios,8.4.1
1006688ef613d932,3e833331d1287754,2026-08-01 13:04:36,lock_reason_select,ios,8.4.1
1006688ef613d932,3e833331d1287754,2026-08-01 13:04:44,lock_confirm,ios,8.4.1
1006688ef613d932,3e833331d1287754,2026-08-01 13:04:47,lock_success,ios,8.4.1
d9ed87269e165c90,3ffbdc54853a6203,2026-08-01 14:30:46,card_lock_start,android,8.3.0
d9ed87269e165c90,3ffbdc54853a6203,2026-08-01 14:30:52,card_select,android,8.3.0
d9ed87269e165c90,3ffbdc54853a6203,2026-08-01 14:31:00,lock_reason_select,android,8.3.0
d9ed87269e165c90,3ffbdc54853a6203,2026-08-01 14:31:15,lock_confirm,android,8.3.0
d9ed87269e165c90,3ffbdc54853a6203,2026-08-01 14:31:17,lock_success,android,8.3.0
3a16789dbc336452,3cad24a9b59f8ab7,2026-08-01 15:25:49,card_lock_start,android,8.3.0
3a16789dbc336452,3cad24a9b59f8ab7,2026-08-01 15:25:59,card_select,android,8.3.0
3a16789dbc336452,3cad24a9b59f8ab7,2026-08-01 15:26:14,lock_reason_select,android,8.3.0
3a16789dbc336452,3cad24a9b59f8ab7,2026-08-01 15:26:22,lock_confirm,android,8.3.0
3a16789dbc336452,3cad24a9b59f8ab7,2026-08-01 15:26:24,lock_success,android,8.3.0
9272fa932411553e,139853e0d998e571,2026-08-01 15:39:11,card_lock_start,android,8.5.0
9272fa932411553e,139853e0d998e571,2026-08-01 15:39:16,card_select,android,8.5.0
9272fa932411553e,139853e0d998e571,2026-08-01 15:39:38,lock_reason_select,android,8.5.0
9272fa932411553e,139853e0d998e571,2026-08-01 15:39:46,lock_confirm,android,8.5.0
9272fa932411553e,139853e0d998e571,2026-08-01 15:39:48,lock_success,android,8.5.0
c1124d9971d9b7e8,25bc4184cd61a515,2026-08-01 17:21:28,card_lock_start,ios,8.5.0
c1124d9971d9b7e8,25bc4184cd61a515,2026-08-01 17:21:33,card_select,ios,8.5.0
c1124d9971d9b7e8,25bc4184cd61a515,2026-08-01 17:21:41,lock_reason_select,ios,8.5.0
c1124d9971d9b7e8,25bc4184cd61a515,2026-08-01 17:21:45,lock_confirm,ios,8.5.0
c1124d9971d9b7e8,25bc4184cd61a515,2026-08-01 17:21:47,lock_success,ios,8.5.0
5d90b810082131dd,19dd3bda8aa3379e,2026-08-01 17:43:00,card_lock_start,ios,8.5.0
5d90b810082131dd,19dd3bda8aa3379e,2026-08-01 17:43:05,card_select,ios,8.5.0
5d90b810082131dd,19dd3bda8aa3379e,2026-08-01 17:43:17,lock_reason_select,ios,8.5.0
5d90b810082131dd,19dd3bda8aa3379e,2026-08-01 17:43:23,lock_confirm,ios,8.5.0
5d90b810082131dd,19dd3bda8aa3379e,2026-08-01 17:43:26,lock_success,ios,8.5.0
5d90b810082131dd,19dd3bda8aa3379e,2026-08-01 17:50:58,unlock_start,ios,8.5.0
5d90b810082131dd,19dd3bda8aa3379e,2026-08-01 17:51:05,unlock_success,ios,8.5.0
58fff4d7ccc9ea0e,224b2b0d920ee4d2,2026-08-01 18:59:39,card_lock_start,ios,8.3.0
58fff4d7ccc9ea0e,224b2b0d920ee4d2,2026-08-01 18:59:46,card_select,ios,8.3.0
58fff4d7ccc9ea0e,224b2b0d920ee4d2,2026-08-01 18:59:58,lock_reason_select,ios,8.3.0
58fff4d7ccc9ea0e,224b2b0d920ee4d2,2026-08-01 19:00:06,lock_confirm,ios,8.3.0
58fff4d7ccc9ea0e,224b2b0d920ee4d2,2026-08-01 19:00:08,lock_error,ios,8.3.0
48bf43695058c38b,39df7c79957d6fac,2026-08-01 20:37:43,card_lock_start,android,8.5.0
48bf43695058c38b,39df7c79957d6fac,2026-08-01 20:37:47,card_select,android,8.5.0
48bf43695058c38b,39df7c79957d6fac,2026-08-01 20:37:56,lock_reason_select,android,8.5.0
48bf43695058c38b,39df7c79957d6fac,2026-08-01 20:38:00,lock_confirm,android,8.5.0
48bf43695058c38b,39df7c79957d6fac,2026-08-01 20:38:02,lock_success,android,8.5.0
2f7bdd96d2275249,2c5366e8b2de28d3,2026-08-01 21:10:21,card_lock_start,ios,8.4.1
2f7bdd96d2275249,2c5366e8b2de28d3,2026-08-01 21:10:24,card_select,ios,8.4.1
2f7bdd96d2275249,2c5366e8b2de28d3,2026-08-01 21:10:37,lock_reason_select,ios,8.4.1
2f7bdd96d2275249,2c5366e8b2de28d3,2026-08-01 21:10:39,lock_confirm,ios,8.4.1
2f7bdd96d2275249,2c5366e8b2de28d3,2026-08-01 21:10:41,lock_success,ios,8.4.1
7530fc00b4b4cc79,180fe0d7e64c210d,2026-08-01 21:38:34,card_lock_start,ios,8.4.1
7530fc00b4b4cc79,180fe0d7e64c210d,2026-08-01 21:38:41,card_select,ios,8.4.1
7530fc00b4b4cc79,180fe0d7e64c210d,2026-08-01 21:38:52,lock_reason_select,ios,8.4.1
7530fc00b4b4cc79,180fe0d7e64c210d,2026-08-01 21:38:59,lock_confirm,ios,8.4.1
7530fc00b4b4cc79,180fe0d7e64c210d,2026-08-01 21:39:01,lock_success,ios,8.4.1
fcfd89c7fea03df0,11f7e879bb465151,2026-08-01 23:06:53,card_lock_start,android,8.3.0
fcfd89c7fea03df0,11f7e879bb465151,2026-08-01 23:06:58,card_select,android,8.3.0
eddfcbb93dedaccc,29bb4aa676d01530,2026-08-02 01:21:08,card_lock_start,ios,8.4.1
eddfcbb93dedaccc,29bb4aa676d01530,2026-08-02 01:21:13,card_select,ios,8.4.1
eddfcbb93dedaccc,29bb4aa676d01530,2026-08-02 01:21:24,lock_reason_select,ios,8.4.1
eddfcbb93dedaccc,29bb4aa676d01530,2026-08-02 01:21:28,lock_confirm,ios,8.4.1
eddfcbb93dedaccc,29bb4aa676d01530,2026-08-02 01:21:30,lock_success,ios,8.4.1
dc1bb9dd76437b25,1dba03be4b99e444,2026-08-02 06:03:13,card_lock_start,android,8.5.0
1006688ef613d932,2ccd35eedb67e45c,2026-08-02 06:58:50,unlock_start,ios,8.4.1
1006688ef613d932,2ccd35eedb67e45c,2026-08-02 06:58:56,unlock_success,ios,8.4.1
541a5cebf5abaf6b,381c575ad19bab60,2026-08-02 07:01:04,card_lock_start,android,8.2.1
541a5cebf5abaf6b,381c575ad19bab60,2026-08-02 07:01:13,card_select,android,8.2.1
541a5cebf5abaf6b,381c575ad19bab60,2026-08-02 07:01:19,lock_reason_select,android,8.2.1
541a5cebf5abaf6b,381c575ad19bab60,2026-08-02 07:01:25,lock_confirm,android,8.2.1
541a5cebf5abaf6b,381c575ad19bab60,2026-08-02 07:01:28,lock_success,android,8.2.1
880c1f174389d5c5,12e7e9a4f8139166,2026-08-02 07:03:01,card_lock_start,android,8.3.0
880c1f174389d5c5,12e7e9a4f8139166,2026-08-02 07:03:06,card_select,android,8.3.0
880c1f174389d5c5,12e7e9a4f8139166,2026-08-02 07:03:16,lock_reason_select,android,8.3.0
880c1f174389d5c5,12e7e9a4f8139166,2026-08-02 07:03:22,lock_confirm,android,8.3.0
880c1f174389d5c5,12e7e9a4f8139166,2026-08-02 07:03:24,lock_success,android,8.3.0
6a4dfac075df06ee,2c13f65688251d0d,2026-08-02 08:57:49,card_lock_start,ios,8.5.0
6a4dfac075df06ee,2c13f65688251d0d,2026-08-02 08:57:58,card_select,ios,8.5.0
6a4dfac075df06ee,2c13f65688251d0d,2026-08-02 08:58:07,lock_reason_select,ios,8.5.0
6a4dfac075df06ee,2c13f65688251d0d,2026-08-02 08:58:12,lock_confirm,ios,8.5.0
6a4dfac075df06ee,2c13f65688251d0d,2026-08-02 08:58:13,lock_success,ios,8.5.0
6a4dfac075df06ee,2c13f65688251d0d,2026-08-02 09:05:48,unlock_start,ios,8.5.0
6a4dfac075df06ee,2c13f65688251d0d,2026-08-02 09:06:01,unlock_success,ios,8.5.0
a319c16834c07703,3940880f99fceef5,2026-08-02 09:59:07,card_lock_start,ios,8.4.1
337edc77b618e76f,01f2227d560c1241,2026-08-02 11:34:27,card_lock_start,android,8.5.0
337edc77b618e76f,01f2227d560c1241,2026-08-02 11:34:30,card_select,android,8.5.0
337edc77b618e76f,01f2227d560c1241,2026-08-02 11:34:36,lock_reason_select,android,8.5.0
337edc77b618e76f,01f2227d560c1241,2026-08-02 11:34:40,lock_confirm,android,8.5.0
337edc77b618e76f,01f2227d560c1241,2026-08-02 11:34:42,lock_error,android,8.5.0
9e1fa17c9f8dd49b,2eab219fab9e843c,2026-08-02 12:09:47,card_lock_start,ios,8.5.0
9e1fa17c9f8dd49b,2eab219fab9e843c,2026-08-02 12:09:52,card_select,ios,8.5.0
9e1fa17c9f8dd49b,2eab219fab9e843c,2026-08-02 12:10:01,lock_reason_select,ios,8.5.0
9e1fa17c9f8dd49b,2eab219fab9e843c,2026-08-02 12:10:04,lock_confirm,ios,8.5.0
9e1fa17c9f8dd49b,2eab219fab9e843c,2026-08-02 12:10:05,lock_success,ios,8.5.0
05384470cb6f8e41,06423f98b8713ddc,2026-08-02 15:00:40,card_lock_start,android,8.3.0
05384470cb6f8e41,06423f98b8713ddc,2026-08-02 15:00:42,card_select,android,8.3.0
05384470cb6f8e41,06423f98b8713ddc,2026-08-02 15:01:13,lock_reason_select,android,8.3.0
05384470cb6f8e41,06423f98b8713ddc,2026-08-02 15:01:21,lock_confirm,android,8.3.0
05384470cb6f8e41,06423f98b8713ddc,2026-08-02 15:01:22,lock_success,android,8.3.0
b0a06fa37f8c2858,086f4a56f8d39902,2026-08-02 16:24:57,card_lock_start,android,8.5.0
b0a06fa37f8c2858,086f4a56f8d39902,2026-08-02 16:25:00,card_select,android,8.5.0
b0a06fa37f8c2858,086f4a56f8d39902,2026-08-02 16:25:09,lock_reason_select,android,8.5.0
b0a06fa37f8c2858,086f4a56f8d39902,2026-08-02 16:25:23,lock_confirm,android,8.5.0
b0a06fa37f8c2858,086f4a56f8d39902,2026-08-02 16:25:25,lock_success,android,8.5.0
57e8f366c446d5bf,0903fdd47e9cdcd4,2026-08-02 17:03:43,card_lock_start,android,8.3.0
57e8f366c446d5bf,0903fdd47e9cdcd4,2026-08-02 17:03:47,card_select,android,8.3.0
57e8f366c446d5bf,0903fdd47e9cdcd4,2026-08-02 17:04:14,lock_reason_select,android,8.3.0
57e8f366c446d5bf,0903fdd47e9cdcd4,2026-08-02 17:04:19,lock_confirm,android,8.3.0
57e8f366c446d5bf,0903fdd47e9cdcd4,2026-08-02 17:04:20,lock_success,android,8.3.0
b1d855ee708fbc15,38893df7ec5a9d39,2026-08-02 17:25:23,unlock_start,android,8.4.0
b1d855ee708fbc15,38893df7ec5a9d39,2026-08-02 17:25:33,unlock_success,android,8.4.0
4b6cb8933e4b5508,250d892dd9ee4873,2026-08-02 18:16:11,card_lock_start,android,8.5.0
4b6cb8933e4b5508,250d892dd9ee4873,2026-08-02 18:16:16,card_select,android,8.5.0
4b6cb8933e4b5508,250d892dd9ee4873,2026-08-02 18:16:25,lock_reason_select,android,8.5.0
4b6cb8933e4b5508,250d892dd9ee4873,2026-08-02 18:16:28,lock_confirm,android,8.5.0
4b6cb8933e4b5508,250d892dd9ee4873,2026-08-02 18:16:31,lock_success,android,8.5.0
aa9b8dfbdac77731,3e624c87f7951dc7,2026-08-02 20:53:39,card_lock_start,android,8.3.0
aa9b8dfbdac77731,3e624c87f7951dc7,2026-08-02 20:53:43,card_select,android,8.3.0
aa9b8dfbdac77731,3e624c87f7951dc7,2026-08-02 20:53:49,lock_reason_select,android,8.3.0
aa9b8dfbdac77731,3e624c87f7951dc7,2026-08-02 20:53:54,lock_confirm,android,8.3.0
aa9b8dfbdac77731,3e624c87f7951dc7,2026-08-02 20:53:56,lock_success,android,8.3.0
7f14d7bed3a65bd7,2b801bf720d2c0ee,2026-08-03 02:52:54,card_lock_start,android,8.5.0
7f14d7bed3a65bd7,2b801bf720d2c0ee,2026-08-03 02:52:58,card_select,android,8.5.0
7f14d7bed3a65bd7,2b801bf720d2c0ee,2026-08-03 02:53:11,lock_reason_select,android,8.5.0
9a5fdb6c993292ad,3f27668f42bb2320,2026-08-03 03:18:16,card_lock_start,ios,8.5.0
9a5fdb6c993292ad,3f27668f42bb2320,2026-08-03 03:18:32,card_select,ios,8.5.0
9a5fdb6c993292ad,3f27668f42bb2320,2026-08-03 03:18:42,lock_reason_select,ios,8.5.0
9a5fdb6c993292ad,3f27668f42bb2320,2026-08-03 03:18:46,lock_confirm,ios,8.5.0
9a5fdb6c993292ad,3f27668f42bb2320,2026-08-03 03:18:49,lock_success,ios,8.5.0
3a16789dbc336452,10f2fb10ac878bc2,2026-08-03 06:39:06,unlock_start,android,8.3.0
3a16789dbc336452,10f2fb10ac878bc2,2026-08-03 06:39:10,unlock_success,android,8.3.0
eddfcbb93dedaccc,1fc600450966a1ba,2026-08-03 07:49:49,unlock_start,ios,8.4.1
eddfcbb93dedaccc,1fc600450966a1ba,2026-08-03 07:50:01,unlock_success,ios,8.4.1
bc177ce6dbd54338,0d08f567f87f2f65,2026-08-03 07:59:37,card_lock_start,ios,8.5.0
bc177ce6dbd54338,0d08f567f87f2f65,2026-08-03 07:59:42,card_select,ios,8.5.0
bc177ce6dbd54338,0d08f567f87f2f65,2026-08-03 07:59:54,lock_reason_select,ios,8.5.0
bc177ce6dbd54338,0d08f567f87f2f65,2026-08-03 07:59:57,lock_confirm,ios,8.5.0
bc177ce6dbd54338,0d08f567f87f2f65,2026-08-03 08:00:00,lock_success,ios,8.5.0
f47fb99f911c1e5f,2059f8bf13eb41eb,2026-08-03 08:49:36,card_lock_start,android,8.5.0
f47fb99f911c1e5f,2059f8bf13eb41eb,2026-08-03 08:49:38,card_select,android,8.5.0
f47fb99f911c1e5f,2059f8bf13eb41eb,2026-08-03 08:49:49,lock_reason_select,android,8.5.0
f47fb99f911c1e5f,2059f8bf13eb41eb,2026-08-03 08:49:52,lock_confirm,android,8.5.0
f47fb99f911c1e5f,2059f8bf13eb41eb,2026-08-03 08:49:54,lock_success,android,8.5.0
561317645d11fec2,208869decf7242eb,2026-08-03 09:48:18,card_lock_start,ios,8.5.0
561317645d11fec2,208869decf7242eb,2026-08-03 09:48:25,card_select,ios,8.5.0
561317645d11fec2,208869decf7242eb,2026-08-03 09:48:34,lock_reason_select,ios,8.5.0
561317645d11fec2,208869decf7242eb,2026-08-03 09:48:38,lock_confirm,ios,8.5.0
561317645d11fec2,208869decf7242eb,2026-08-03 09:48:40,lock_success,ios,8.5.0
c76c0fd69da4be57,119b794ed0c6dc5e,2026-08-03 10:20:22,card_lock_start,android,8.3.0
c76c0fd69da4be57,119b794ed0c6dc5e,2026-08-03 10:20:27,card_select,android,8.3.0
c76c0fd69da4be57,119b794ed0c6dc5e,2026-08-03 10:20:48,lock_reason_select,android,8.3.0
c76c0fd69da4be57,119b794ed0c6dc5e,2026-08-03 10:20:55,lock_confirm,android,8.3.0
c76c0fd69da4be57,119b794ed0c6dc5e,2026-08-03 10:20:56,lock_success,android,8.3.0
dced4c76d12edaa1,03f483b9f5575bab,2026-08-03 13:57:28,card_lock_start,ios,8.4.1
dced4c76d12edaa1,03f483b9f5575bab,2026-08-03 13:57:32,card_select,ios,8.4.1
dced4c76d12edaa1,03f483b9f5575bab,2026-08-03 13:57:51,lock_reason_select,ios,8.4.1
dced4c76d12edaa1,03f483b9f5575bab,2026-08-03 13:57:56,lock_confirm,ios,8.4.1
dced4c76d12edaa1,03f483b9f5575bab,2026-08-03 13:57:58,lock_success,ios,8.4.1
f47fb99f911c1e5f,1e53f8a64df30bd1,2026-08-03 14:30:30,unlock_start,android,8.5.0
f47fb99f911c1e5f,1e53f8a64df30bd1,2026-08-03 14:30:43,unlock_success,android,8.5.0
99af0cb7e802448f,31f0e57863b2f573,2026-08-03 16:29:18,card_lock_start,android,8.3.0
99af0cb7e802448f,31f0e57863b2f573,2026-08-03 16:29:25,card_select,android,8.3.0
99af0cb7e802448f,31f0e57863b2f573,2026-08-03 16:29:42,lock_reason_select,android,8.3.0
99af0cb7e802448f,31f0e57863b2f573,2026-08-03 16:29:45,lock_confirm,android,8.3.0
99af0cb7e802448f,31f0e57863b2f573,2026-08-03 16:29:48,lock_success,android,8.3.0
26fba81dc7208e16,011ff93eea4fadbf,2026-08-03 17:18:57,card_lock_start,android,8.3.0
26fba81dc7208e16,011ff93eea4fadbf,2026-08-03 17:19:02,card_select,android,8.3.0
26fba81dc7208e16,011ff93eea4fadbf,2026-08-03 17:19:09,lock_reason_select,android,8.3.0
26fba81dc7208e16,011ff93eea4fadbf,2026-08-03 17:19:14,lock_confirm,android,8.3.0
26fba81dc7208e16,011ff93eea4fadbf,2026-08-03 17:19:15,lock_success,android,8.3.0
eedbf9d36bad81af,1da26178cfbaf102,2026-08-03 19:02:16,card_lock_start,ios,8.3.0
eedbf9d36bad81af,1da26178cfbaf102,2026-08-03 19:02:25,card_select,ios,8.3.0
eedbf9d36bad81af,1da26178cfbaf102,2026-08-03 19:02:43,lock_reason_select,ios,8.3.0
eedbf9d36bad81af,1da26178cfbaf102,2026-08-03 19:02:47,lock_confirm,ios,8.3.0
eedbf9d36bad81af,1da26178cfbaf102,2026-08-03 19:02:48,lock_success,ios,8.3.0
eedbf9d36bad81af,1da26178cfbaf102,2026-08-03 19:11:36,unlock_start,ios,8.3.0
eedbf9d36bad81af,1da26178cfbaf102,2026-08-03 19:11:46,unlock_success,ios,8.3.0
af23f9bfd911430b,17eb950b055411e9,2026-08-03 20:07:04,card_lock_start,android,8.5.0
af23f9bfd911430b,17eb950b055411e9,2026-08-03 20:07:08,card_select,android,8.5.0
af23f9bfd911430b,17eb950b055411e9,2026-08-03 20:07:18,lock_reason_select,android,8.5.0
af23f9bfd911430b,17eb950b055411e9,2026-08-03 20:07:21,lock_confirm,android,8.5.0
af23f9bfd911430b,17eb950b055411e9,2026-08-03 20:07:23,lock_success,android,8.5.0
facdc11abfb93c7d,06739c2530085be0,2026-08-03 21:29:43,card_lock_start,ios,8.5.0
facdc11abfb93c7d,06739c2530085be0,2026-08-03 21:29:51,card_select,ios,8.5.0
facdc11abfb93c7d,06739c2530085be0,2026-08-03 21:29:56,lock_reason_select,ios,8.5.0
facdc11abfb93c7d,06739c2530085be0,2026-08-03 21:30:01,lock_confirm,ios,8.5.0
facdc11abfb93c7d,06739c2530085be0,2026-08-03 21:30:04,lock_success,ios,8.5.0
b58dc63955857d4b,1a0b0b773938de85,2026-08-04 06:02:09,card_lock_start,android,8.4.0
b58dc63955857d4b,1a0b0b773938de85,2026-08-04 06:02:16,card_select,android,8.4.0
b58dc63955857d4b,1a0b0b773938de85,2026-08-04 06:02:39,lock_reason_select,android,8.4.0
b58dc63955857d4b,1a0b0b773938de85,2026-08-04 06:02:47,lock_confirm,android,8.4.0
b58dc63955857d4b,1a0b0b773938de85,2026-08-04 06:02:48,lock_success,android,8.4.0
8a706b8eccc91c28,26772a46d113d0f7,2026-08-04 09:11:57,card_lock_start,ios,8.3.0
8a706b8eccc91c28,26772a46d113d0f7,2026-08-04 09:12:02,card_select,ios,8.3.0
8a706b8eccc91c28,26772a46d113d0f7,2026-08-04 09:12:06,lock_reason_select,ios,8.3.0
8a706b8eccc91c28,26772a46d113d0f7,2026-08-04 09:12:17,lock_confirm,ios,8.3.0
8a706b8eccc91c28,26772a46d113d0f7,2026-08-04 09:12:18,lock_success,ios,8.3.0
54e3417ad368f43b,078a16f0ccc80e84,2026-08-04 10:49:47,card_lock_start,ios,8.4.1
54e3417ad368f43b,078a16f0ccc80e84,2026-08-04 10:49:55,card_select,ios,8.4.1
54e3417ad368f43b,078a16f0ccc80e84,2026-08-04 10:50:04,lock_reason_select,ios,8.4.1
54e3417ad368f43b,078a16f0ccc80e84,2026-08-04 10:50:06,lock_confirm,ios,8.4.1
54e3417ad368f43b,078a16f0ccc80e84,2026-08-04 10:50:09,lock_success,ios,8.4.1
ff3edf4b24f7cda6,0ed59e19a3da15e5,2026-08-04 12:53:31,card_lock_start,android,8.5.0
ff3edf4b24f7cda6,0ed59e19a3da15e5,2026-08-04 12:53:39,card_select,android,8.5.0
ff3edf4b24f7cda6,0ed59e19a3da15e5,2026-08-04 12:53:46,lock_reason_select,android,8.5.0
ff3edf4b24f7cda6,0ed59e19a3da15e5,2026-08-04 12:53:52,lock_confirm,android,8.5.0
ff3edf4b24f7cda6,0ed59e19a3da15e5,2026-08-04 12:53:55,lock_error,android,8.5.0
f7c665f4b0b5266a,33e59dec42a869b7,2026-08-04 15:32:09,card_lock_start,android,8.2.1
f7c665f4b0b5266a,33e59dec42a869b7,2026-08-04 15:32:16,card_select,android,8.2.1
b15ead1212436baf,0c024ccbaa16bc2a,2026-08-04 15:48:32,card_lock_start,android,8.3.0
b15ead1212436baf,0c024ccbaa16bc2a,2026-08-04 15:48:38,card_select,android,8.3.0
b15ead1212436baf,0c024ccbaa16bc2a,2026-08-04 15:48:44,lock_reason_select,android,8.3.0
b15ead1212436baf,0c024ccbaa16bc2a,2026-08-04 15:48:51,lock_confirm,android,8.3.0
b15ead1212436baf,0c024ccbaa16bc2a,2026-08-04 15:48:53,lock_success,android,8.3.0
f5dcbca2eba018ce,034a1dcd91b50a37,2026-08-04 16:18:09,card_lock_start,ios,8.3.0
f5dcbca2eba018ce,034a1dcd91b50a37,2026-08-04 16:18:17,card_select,ios,8.3.0
f5dcbca2eba018ce,034a1dcd91b50a37,2026-08-04 16:18:30,lock_reason_select,ios,8.3.0
bc1e8f03d4691f33,38b698abdcafad3e,2026-08-04 16:45:42,card_lock_start,android,8.4.0
41bbd371dfa5cdb3,3f570b31e48c712d,2026-08-04 19:15:59,card_lock_start,ios,8.4.1
41bbd371dfa5cdb3,3f570b31e48c712d,2026-08-04 19:16:04,card_select,ios,8.4.1
41bbd371dfa5cdb3,3f570b31e48c712d,2026-08-04 19:16:08,lock_reason_select,ios,8.4.1
41bbd371dfa5cdb3,3f570b31e48c712d,2026-08-04 19:16:10,lock_confirm,ios,8.4.1
41bbd371dfa5cdb3,3f570b31e48c712d,2026-08-04 19:16:13,lock_success,ios,8.4.1
0e8ac7ecd764165d,020608444ded1789,2026-08-04 19:57:50,card_lock_start,ios,8.5.0
0e8ac7ecd764165d,020608444ded1789,2026-08-04 19:57:56,card_select,ios,8.5.0
0e8ac7ecd764165d,020608444ded1789,2026-08-04 19:58:07,lock_reason_select,ios,8.5.0
0e8ac7ecd764165d,020608444ded1789,2026-08-04 19:58:11,lock_confirm,ios,8.5.0
0e8ac7ecd764165d,020608444ded1789,2026-08-04 19:58:13,lock_success,ios,8.5.0
71f4d83e7c2ac357,0e0ce93880ec73ee,2026-08-04 20:51:18,card_lock_start,android,8.5.0
71f4d83e7c2ac357,0e0ce93880ec73ee,2026-08-04 20:51:31,card_select,android,8.5.0
71f4d83e7c2ac357,0e0ce93880ec73ee,2026-08-04 20:51:49,lock_reason_select,android,8.5.0
71f4d83e7c2ac357,0e0ce93880ec73ee,2026-08-04 20:51:55,lock_confirm,android,8.5.0
71f4d83e7c2ac357,0e0ce93880ec73ee,2026-08-04 20:51:57,lock_success,android,8.5.0
b4e9b5f5efbde915,0a15496d37d9500d,2026-08-05 05:22:02,card_lock_start,android,8.2.1
b4e9b5f5efbde915,0a15496d37d9500d,2026-08-05 05:22:05,card_select,android,8.2.1
b4e9b5f5efbde915,0a15496d37d9500d,2026-08-05 05:22:12,lock_reason_select,android,8.2.1
b4e9b5f5efbde915,0a15496d37d9500d,2026-08-05 05:22:18,lock_confirm,android,8.2.1
b4e9b5f5efbde915,0a15496d37d9500d,2026-08-05 05:22:20,lock_success,android,8.2.1
2167ac85bdd9f65c,15773945bb04e3d6,2026-08-05 05:25:02,card_lock_start,android,8.3.0
2167ac85bdd9f65c,15773945bb04e3d6,2026-08-05 05:25:08,card_select,android,8.3.0
2167ac85bdd9f65c,15773945bb04e3d6,2026-08-05 05:25:15,lock_reason_select,android,8.3.0
2167ac85bdd9f65c,15773945bb04e3d6,2026-08-05 05:25:19,lock_confirm,android,8.3.0
2167ac85bdd9f65c,15773945bb04e3d6,2026-08-05 05:25:20,lock_success,android,8.3.0
2167ac85bdd9f65c,15773945bb04e3d6,2026-08-05 05:25:44,unlock_start,android,8.3.0
2167ac85bdd9f65c,15773945bb04e3d6,2026-08-05 05:25:50,unlock_success,android,8.3.0
b39b4b85e9473338,30578f874d6a38a8,2026-08-05 09:06:25,card_lock_start,ios,8.4.1
b39b4b85e9473338,30578f874d6a38a8,2026-08-05 09:06:30,card_select,ios,8.4.1
b39b4b85e9473338,30578f874d6a38a8,2026-08-05 09:06:54,lock_reason_select,ios,8.4.1
b39b4b85e9473338,30578f874d6a38a8,2026-08-05 09:07:06,lock_confirm,ios,8.4.1
b39b4b85e9473338,30578f874d6a38a8,2026-08-05 09:07:08,lock_success,ios,8.4.1
1864286386bdbbb3,07c167aaeba780dc,2026-08-05 09:15:25,card_lock_start,android,8.3.0
1864286386bdbbb3,07c167aaeba780dc,2026-08-05 09:15:30,card_select,android,8.3.0
1864286386bdbbb3,07c167aaeba780dc,2026-08-05 09:15:39,lock_reason_select,android,8.3.0
1864286386bdbbb3,07c167aaeba780dc,2026-08-05 09:15:42,lock_confirm,android,8.3.0
1864286386bdbbb3,07c167aaeba780dc,2026-08-05 09:15:44,lock_success,android,8.3.0
7c3541de5c2b06b7,073145df863cc6c3,2026-08-05 09:31:13,card_lock_start,ios,8.3.0
7c3541de5c2b06b7,073145df863cc6c3,2026-08-05 09:31:17,card_select,ios,8.3.0
7c3541de5c2b06b7,073145df863cc6c3,2026-08-05 09:31:31,lock_reason_select,ios,8.3.0
7c3541de5c2b06b7,073145df863cc6c3,2026-08-05 09:31:35,lock_confirm,ios,8.3.0
7c3541de5c2b06b7,073145df863cc6c3,2026-08-05 09:31:36,lock_success,ios,8.3.0
1864286386bdbbb3,14155f787d284514,2026-08-05 09:32:16,unlock_start,android,8.3.0
1864286386bdbbb3,14155f787d284514,2026-08-05 09:32:25,unlock_success,android,8.3.0
310b3dfb24b4afe1,1d2328191ff990d4,2026-08-05 10:16:40,card_lock_start,ios,8.5.0
310b3dfb24b4afe1,1d2328191ff990d4,2026-08-05 10:16:46,card_select,ios,8.5.0
310b3dfb24b4afe1,1d2328191ff990d4,2026-08-05 10:17:38,lock_reason_select,ios,8.5.0
310b3dfb24b4afe1,1d2328191ff990d4,2026-08-05 10:17:45,lock_confirm,ios,8.5.0
310b3dfb24b4afe1,1d2328191ff990d4,2026-08-05 10:17:47,lock_success,ios,8.5.0
043fcaf1048d7eab,3aa6558ce460b671,2026-08-05 12:24:01,card_lock_start,android,8.2.1
043fcaf1048d7eab,3aa6558ce460b671,2026-08-05 12:24:05,card_select,android,8.2.1
043fcaf1048d7eab,3aa6558ce460b671,2026-08-05 12:24:13,lock_reason_select,android,8.2.1
043fcaf1048d7eab,3aa6558ce460b671,2026-08-05 12:24:18,lock_confirm,android,8.2.1
043fcaf1048d7eab,3aa6558ce460b671,2026-08-05 12:24:20,lock_success,android,8.2.1
1675e99a2b1087cc,2683124ce116e2e5,2026-08-05 12:36:06,card_lock_start,android,8.5.0
1675e99a2b1087cc,2683124ce116e2e5,2026-08-05 12:36:11,card_select,android,8.5.0
1675e99a2b1087cc,2683124ce116e2e5,2026-08-05 12:36:44,lock_reason_select,android,8.5.0
1675e99a2b1087cc,2683124ce116e2e5,2026-08-05 12:36:46,lock_confirm,android,8.5.0
1675e99a2b1087cc,2683124ce116e2e5,2026-08-05 12:36:48,lock_success,android,8.5.0
2278878554a08bef,3327faf2865f20c6,2026-08-05 13:30:16,card_lock_start,ios,8.5.0
2278878554a08bef,3327faf2865f20c6,2026-08-05 13:30:19,card_select,ios,8.5.0
2278878554a08bef,3327faf2865f20c6,2026-08-05 13:30:24,lock_reason_select,ios,8.5.0
2278878554a08bef,3327faf2865f20c6,2026-08-05 13:30:28,lock_confirm,ios,8.5.0
2278878554a08bef,3327faf2865f20c6,2026-08-05 13:30:30,lock_success,ios,8.5.0
e6cea4bddfc4019e,1c82a7c76dd2f9d5,2026-08-05 13:31:20,card_lock_start,android,8.3.0
e6cea4bddfc4019e,1c82a7c76dd2f9d5,2026-08-05 13:31:26,card_select,android,8.3.0
e6cea4bddfc4019e,1c82a7c76dd2f9d5,2026-08-05 13:31:38,lock_reason_select,android,8.3.0
e6cea4bddfc4019e,1c82a7c76dd2f9d5,2026-08-05 13:31:41,lock_confirm,android,8.3.0
e6cea4bddfc4019e,1c82a7c76dd2f9d5,2026-08-05 13:31:44,lock_success,android,8.3.0
500edfa23c433237,2293dbf8a8144819,2026-08-05 14:25:49,card_lock_start,ios,8.5.0
500edfa23c433237,2293dbf8a8144819,2026-08-05 14:25:56,card_select,ios,8.5.0
500edfa23c433237,2293dbf8a8144819,2026-08-05 14:26:09,lock_reason_select,ios,8.5.0
500edfa23c433237,2293dbf8a8144819,2026-08-05 14:26:12,lock_confirm,ios,8.5.0
500edfa23c433237,2293dbf8a8144819,2026-08-05 14:26:15,lock_success,ios,8.5.0
cf35f0fa9a7fa5d7,1d4a02bce2f6767c,2026-08-05 14:51:02,card_lock_start,android,8.4.0
cf35f0fa9a7fa5d7,1d4a02bce2f6767c,2026-08-05 14:51:04,card_select,android,8.4.0
cf35f0fa9a7fa5d7,1d4a02bce2f6767c,2026-08-05 14:51:11,lock_reason_select,android,8.4.0
cf35f0fa9a7fa5d7,1d4a02bce2f6767c,2026-08-05 14:51:15,lock_confirm,android,8.4.0
cf35f0fa9a7fa5d7,1d4a02bce2f6767c,2026-08-05 14:51:16,lock_success,android,8.4.0
b36293b1d24154bc,0f348d6c2f1567aa,2026-08-05 15:29:13,card_lock_start,ios,8.5.0
b36293b1d24154bc,0f348d6c2f1567aa,2026-08-05 15:29:27,card_select,ios,8.5.0
b36293b1d24154bc,0f348d6c2f1567aa,2026-08-05 15:29:37,lock_reason_select,ios,8.5.0
561317645d11fec2,025a43fd78a9dbfa,2026-08-05 15:57:49,unlock_start,ios,8.5.0
561317645d11fec2,025a43fd78a9dbfa,2026-08-05 15:58:03,unlock_success,ios,8.5.0
3f9c12dc37ca0c2b,1c58d2698105b419,2026-08-05 16:13:15,card_lock_start,android,8.2.1
3f9c12dc37ca0c2b,1c58d2698105b419,2026-08-05 16:13:23,card_select,android,8.2.1
4895fb1b188c001c,062f8652e00eda22,2026-08-05 16:52:41,card_lock_start,android,8.3.0
4895fb1b188c001c,062f8652e00eda22,2026-08-05 16:52:45,card_select,android,8.3.0
4895fb1b188c001c,062f8652e00eda22,2026-08-05 16:52:51,lock_reason_select,android,8.3.0
4895fb1b188c001c,062f8652e00eda22,2026-08-05 16:53:05,lock_confirm,android,8.3.0
4895fb1b188c001c,062f8652e00eda22,2026-08-05 16:53:07,lock_success,android,8.3.0
fa7bb567b3ce81a8,0ebe66102009ff5c,2026-08-05 17:06:39,card_lock_start,ios,8.5.0
fa7bb567b3ce81a8,0ebe66102009ff5c,2026-08-05 17:06:49,card_select,ios,8.5.0
fa7bb567b3ce81a8,0ebe66102009ff5c,2026-08-05 17:07:02,lock_reason_select,ios,8.5.0
fa7bb567b3ce81a8,0ebe66102009ff5c,2026-08-05 17:07:06,lock_confirm,ios,8.5.0
fa7bb567b3ce81a8,0ebe66102009ff5c,2026-08-05 17:07:08,lock_success,ios,8.5.0
3cf17afe03b0d9a9,1514e90a9f5a3114,2026-08-05 17:48:57,card_lock_start,ios,8.3.0
3cf17afe03b0d9a9,1514e90a9f5a3114,2026-08-05 17:49:06,card_select,ios,8.3.0
3cf17afe03b0d9a9,1514e90a9f5a3114,2026-08-05 17:49:16,lock_reason_select,ios,8.3.0
3cf17afe03b0d9a9,1514e90a9f5a3114,2026-08-05 17:49:21,lock_confirm,ios,8.3.0
3cf17afe03b0d9a9,1514e90a9f5a3114,2026-08-05 17:49:23,lock_success,ios,8.3.0
ec007fdf6baccfa6,3a99bcf9d6315293,2026-08-05 19:09:23,card_lock_start,android,8.5.0
ec007fdf6baccfa6,3a99bcf9d6315293,2026-08-05 19:09:27,card_select,android,8.5.0
ec007fdf6baccfa6,3a99bcf9d6315293,2026-08-05 19:09:47,lock_reason_select,android,8.5.0
ec007fdf6baccfa6,3a99bcf9d6315293,2026-08-05 19:09:52,lock_confirm,android,8.5.0
ec007fdf6baccfa6,3a99bcf9d6315293,2026-08-05 19:09:53,lock_success,android,8.5.0
d0a5a5cdc9204966,290ce91420a0cf70,2026-08-05 19:55:37,card_lock_start,ios,8.5.0
d0a5a5cdc9204966,290ce91420a0cf70,2026-08-05 19:55:44,card_select,ios,8.5.0
d0a5a5cdc9204966,290ce91420a0cf70,2026-08-05 19:55:53,lock_reason_select,ios,8.5.0
d0a5a5cdc9204966,290ce91420a0cf70,2026-08-05 19:55:58,lock_confirm,ios,8.5.0
d0a5a5cdc9204966,290ce91420a0cf70,2026-08-05 19:55:59,lock_success,ios,8.5.0
d0a5a5cdc9204966,290ce91420a0cf70,2026-08-05 19:56:02,unlock_start,ios,8.5.0
d0a5a5cdc9204966,290ce91420a0cf70,2026-08-05 19:56:09,unlock_success,ios,8.5.0
524582dd1ec641be,072b91c1c460df5f,2026-08-05 23:54:28,card_lock_start,android,8.3.0
524582dd1ec641be,072b91c1c460df5f,2026-08-05 23:54:31,card_select,android,8.3.0
524582dd1ec641be,072b91c1c460df5f,2026-08-05 23:54:42,lock_reason_select,android,8.3.0
524582dd1ec641be,072b91c1c460df5f,2026-08-05 23:54:52,lock_confirm,android,8.3.0
524582dd1ec641be,072b91c1c460df5f,2026-08-05 23:54:55,lock_success,android,8.3.0
b39b4b85e9473338,37a2202997a2fbba,2026-08-06 08:14:15,card_lock_start,ios,8.4.1
b39b4b85e9473338,37a2202997a2fbba,2026-08-06 08:14:20,card_select,ios,8.4.1
b39b4b85e9473338,37a2202997a2fbba,2026-08-06 08:15:22,lock_reason_select,ios,8.4.1
b39b4b85e9473338,37a2202997a2fbba,2026-08-06 08:15:27,lock_confirm,ios,8.4.1
b39b4b85e9473338,37a2202997a2fbba,2026-08-06 08:15:28,lock_success,ios,8.4.1
3d390d211103cb34,2a09bc7db44afd19,2026-08-06 08:30:58,card_lock_start,ios,8.4.1
f1a0dbe0379440b2,3610836d4f0b1442,2026-08-06 09:23:40,card_lock_start,ios,8.5.0
f1a0dbe0379440b2,3610836d4f0b1442,2026-08-06 09:23:41,card_select,ios,8.5.0
f1a0dbe0379440b2,3610836d4f0b1442,2026-08-06 09:23:46,lock_reason_select,ios,8.5.0
f1a0dbe0379440b2,3610836d4f0b1442,2026-08-06 09:23:52,lock_confirm,ios,8.5.0
f1a0dbe0379440b2,3610836d4f0b1442,2026-08-06 09:23:54,lock_success,ios,8.5.0
1ebc260afa4fa4ab,0d6791c8a75e3abd,2026-08-06 09:51:53,card_lock_start,ios,8.4.1
1ebc260afa4fa4ab,0d6791c8a75e3abd,2026-08-06 09:52:04,card_select,ios,8.4.1
1ebc260afa4fa4ab,0d6791c8a75e3abd,2026-08-06 09:52:15,lock_reason_select,ios,8.4.1
1ebc260afa4fa4ab,0d6791c8a75e3abd,2026-08-06 09:52:18,lock_confirm,ios,8.4.1
1ebc260afa4fa4ab,0d6791c8a75e3abd,2026-08-06 09:52:21,lock_success,ios,8.4.1
527aeae137decbfe,280b979a2a5a81b8,2026-08-06 10:29:54,card_lock_start,ios,8.4.1
527aeae137decbfe,280b979a2a5a81b8,2026-08-06 10:30:07,card_select,ios,8.4.1
527aeae137decbfe,280b979a2a5a81b8,2026-08-06 10:30:13,lock_reason_select,ios,8.4.1
527aeae137decbfe,280b979a2a5a81b8,2026-08-06 10:30:17,lock_confirm,ios,8.4.1
527aeae137decbfe,280b979a2a5a81b8,2026-08-06 10:30:18,lock_success,ios,8.4.1
51818db897e5d5c2,14414f6baaa1b396,2026-08-06 12:20:59,card_lock_start,android,8.5.0
51818db897e5d5c2,14414f6baaa1b396,2026-08-06 12:21:04,card_select,android,8.5.0
51818db897e5d5c2,14414f6baaa1b396,2026-08-06 12:21:30,lock_reason_select,android,8.5.0
51818db897e5d5c2,14414f6baaa1b396,2026-08-06 12:21:34,lock_confirm,android,8.5.0
51818db897e5d5c2,14414f6baaa1b396,2026-08-06 12:21:37,lock_success,android,8.5.0
5a5dae7243dd2803,136158cc3ad04c4c,2026-08-06 13:55:09,card_lock_start,android,8.5.0
5a5dae7243dd2803,136158cc3ad04c4c,2026-08-06 13:55:19,card_select,android,8.5.0
e9883b75c22ff98e,22be1ea4ff5a2414,2026-08-06 14:12:40,card_lock_start,ios,8.4.1
e9883b75c22ff98e,22be1ea4ff5a2414,2026-08-06 14:12:45,card_select,ios,8.4.1
e9883b75c22ff98e,22be1ea4ff5a2414,2026-08-06 14:12:59,lock_reason_select,ios,8.4.1
e9883b75c22ff98e,22be1ea4ff5a2414,2026-08-06 14:13:04,lock_confirm,ios,8.4.1
e9883b75c22ff98e,22be1ea4ff5a2414,2026-08-06 14:13:05,lock_success,ios,8.4.1
469368c789dd4616,3b5da8c93860ab55,2026-08-06 14:25:19,card_lock_start,ios,8.4.1
469368c789dd4616,3b5da8c93860ab55,2026-08-06 14:25:22,card_select,ios,8.4.1
469368c789dd4616,3b5da8c93860ab55,2026-08-06 14:25:32,lock_reason_select,ios,8.4.1
469368c789dd4616,3b5da8c93860ab55,2026-08-06 14:25:36,lock_confirm,ios,8.4.1
469368c789dd4616,3b5da8c93860ab55,2026-08-06 14:25:38,lock_success,ios,8.4.1
7bc94e72ab1b97d8,13d3320aaaada86e,2026-08-06 16:38:07,card_lock_start,ios,8.3.0
7bc94e72ab1b97d8,13d3320aaaada86e,2026-08-06 16:38:12,card_select,ios,8.3.0
7bc94e72ab1b97d8,13d3320aaaada86e,2026-08-06 16:38:30,lock_reason_select,ios,8.3.0
7bc94e72ab1b97d8,13d3320aaaada86e,2026-08-06 16:38:35,lock_confirm,ios,8.3.0
7bc94e72ab1b97d8,13d3320aaaada86e,2026-08-06 16:38:38,lock_success,ios,8.3.0
75ffd8e9d125483c,29ea0c0a21609e34,2026-08-06 17:46:14,card_lock_start,ios,8.5.0
75ffd8e9d125483c,29ea0c0a21609e34,2026-08-06 17:46:16,card_select,ios,8.5.0
75ffd8e9d125483c,29ea0c0a21609e34,2026-08-06 17:46:39,lock_reason_select,ios,8.5.0
75ffd8e9d125483c,29ea0c0a21609e34,2026-08-06 17:46:43,lock_confirm,ios,8.5.0
75ffd8e9d125483c,29ea0c0a21609e34,2026-08-06 17:46:45,lock_success,ios,8.5.0
19de3ef003c4e185,3afb82b5ff7052f7,2026-08-06 18:21:47,card_lock_start,ios,8.4.1
19de3ef003c4e185,3afb82b5ff7052f7,2026-08-06 18:21:55,card_select,ios,8.4.1
a1d59f3169af7920,3529d439e0aa53dc,2026-08-06 18:22:09,card_lock_start,ios,8.5.0
19de3ef003c4e185,3afb82b5ff7052f7,2026-08-06 18:22:13,lock_reason_select,ios,8.4.1
a1d59f3169af7920,3529d439e0aa53dc,2026-08-06 18:22:13,card_select,ios,8.5.0
19de3ef003c4e185,3afb82b5ff7052f7,2026-08-06 18:22:16,lock_confirm,ios,8.4.1
19de3ef003c4e185,3afb82b5ff7052f7,2026-08-06 18:22:18,lock_success,ios,8.4.1
a1d59f3169af7920,3529d439e0aa53dc,2026-08-06 18:22:19,lock_reason_select,ios,8.5.0
a1d59f3169af7920,3529d439e0aa53dc,2026-08-06 18:22:21,lock_confirm,ios,8.5.0
a1d59f3169af7920,3529d439e0aa53dc,2026-08-06 18:22:23,lock_success,ios,8.5.0
fd7ba46b83341a8d,04e2e91915a7992a,2026-08-06 19:46:57,card_lock_start,android,8.5.0
fd7ba46b83341a8d,04e2e91915a7992a,2026-08-06 19:47:10,card_select,android,8.5.0
fd7ba46b83341a8d,04e2e91915a7992a,2026-08-06 19:47:26,lock_reason_select,android,8.5.0
fd7ba46b83341a8d,04e2e91915a7992a,2026-08-06 19:47:30,lock_confirm,android,8.5.0
fd7ba46b83341a8d,04e2e91915a7992a,2026-08-06 19:47:32,lock_success,android,8.5.0
fd7ba46b83341a8d,04e2e91915a7992a,2026-08-06 19:51:07,unlock_start,android,8.5.0
fd7ba46b83341a8d,04e2e91915a7992a,2026-08-06 19:51:13,unlock_success,android,8.5.0
75ffd8e9d125483c,36fd38be39395b3f,2026-08-06 21:05:37,card_lock_start,ios,8.5.0
75ffd8e9d125483c,36fd38be39395b3f,2026-08-06 21:05:41,card_select,ios,8.5.0
75ffd8e9d125483c,36fd38be39395b3f,2026-08-06 21:05:50,lock_reason_select,ios,8.5.0
75ffd8e9d125483c,36fd38be39395b3f,2026-08-06 21:05:53,lock_confirm,ios,8.5.0
75ffd8e9d125483c,36fd38be39395b3f,2026-08-06 21:05:56,lock_success,ios,8.5.0
e6ba68c28e53e384,3412810ceafd0b06,2026-08-06 21:06:04,card_lock_start,android,8.4.0
e6ba68c28e53e384,3412810ceafd0b06,2026-08-06 21:06:10,card_select,android,8.4.0
e6ba68c28e53e384,3412810ceafd0b06,2026-08-06 21:06:19,lock_reason_select,android,8.4.0
e6ba68c28e53e384,3412810ceafd0b06,2026-08-06 21:06:36,lock_confirm,android,8.4.0
e6ba68c28e53e384,3412810ceafd0b06,2026-08-06 21:06:38,lock_success,android,8.4.0
aba4dfeb5063a2b5,1309ac41e44bd252,2026-08-06 21:08:04,card_lock_start,android,8.3.0
aba4dfeb5063a2b5,1309ac41e44bd252,2026-08-06 21:08:08,card_select,android,8.3.0
aba4dfeb5063a2b5,1309ac41e44bd252,2026-08-06 21:08:18,lock_reason_select,android,8.3.0
aba4dfeb5063a2b5,1309ac41e44bd252,2026-08-06 21:08:21,lock_confirm,android,8.3.0
aba4dfeb5063a2b5,1309ac41e44bd252,2026-08-06 21:08:23,lock_success,android,8.3.0
c76c0fd69da4be57,0805e98f39e5cdd9,2026-08-07 05:44:25,unlock_start,android,8.3.0
c76c0fd69da4be57,0805e98f39e5cdd9,2026-08-07 05:44:36,unlock_success,android,8.3.0
3f9c12dc37ca0c2b,3f6743ceb754b0a9,2026-08-07 06:40:38,card_lock_start,android,8.2.1
3f9c12dc37ca0c2b,3f6743ceb754b0a9,2026-08-07 06:40:43,card_select,android,8.2.1
3f9c12dc37ca0c2b,3f6743ceb754b0a9,2026-08-07 06:40:56,lock_reason_select,android,8.2.1
3f9c12dc37ca0c2b,3f6743ceb754b0a9,2026-08-07 06:41:03,lock_confirm,android,8.2.1
3f9c12dc37ca0c2b,3f6743ceb754b0a9,2026-08-07 06:41:05,lock_success,android,8.2.1
4b6cb8933e4b5508,3afa48a1aa6a0347,2026-08-07 07:47:28,unlock_start,android,8.5.0
4b6cb8933e4b5508,3afa48a1aa6a0347,2026-08-07 07:47:37,unlock_success,android,8.5.0
259e8dd501777b73,309e67ec89fa68e2,2026-08-07 07:58:52,card_lock_start,android,8.3.0
259e8dd501777b73,309e67ec89fa68e2,2026-08-07 07:58:57,card_select,android,8.3.0
259e8dd501777b73,309e67ec89fa68e2,2026-08-07 07:59:35,lock_reason_select,android,8.3.0
259e8dd501777b73,309e67ec89fa68e2,2026-08-07 07:59:41,lock_confirm,android,8.3.0
259e8dd501777b73,309e67ec89fa68e2,2026-08-07 07:59:43,lock_success,android,8.3.0
259e8dd501777b73,309e67ec89fa68e2,2026-08-07 08:04:04,unlock_start,android,8.3.0
259e8dd501777b73,309e67ec89fa68e2,2026-08-07 08:04:11,unlock_success,android,8.3.0
e348c429c4bb7def,1d7a3cbf247b403e,2026-08-07 08:54:25,card_lock_start,android,8.5.0
e348c429c4bb7def,1d7a3cbf247b403e,2026-08-07 08:54:28,card_select,android,8.5.0
bbf5e2d89fb114ab,34ebb499d1661274,2026-08-07 11:01:10,card_lock_start,android,8.4.0
bbf5e2d89fb114ab,34ebb499d1661274,2026-08-07 11:01:15,card_select,android,8.4.0
bbf5e2d89fb114ab,34ebb499d1661274,2026-08-07 11:01:21,lock_reason_select,android,8.4.0
fbb7441678260de9,1711b5e9c7d13e55,2026-08-07 11:28:19,card_lock_start,ios,8.5.0
fbb7441678260de9,1711b5e9c7d13e55,2026-08-07 11:28:32,card_select,ios,8.5.0
fbb7441678260de9,1711b5e9c7d13e55,2026-08-07 11:28:44,lock_reason_select,ios,8.5.0
fbb7441678260de9,1711b5e9c7d13e55,2026-08-07 11:28:48,lock_confirm,ios,8.5.0
fbb7441678260de9,1711b5e9c7d13e55,2026-08-07 11:28:49,lock_success,ios,8.5.0
e26bf11d2f219837,253a491c40512e7e,2026-08-07 12:26:58,card_lock_start,android,8.4.0
e26bf11d2f219837,253a491c40512e7e,2026-08-07 12:27:05,card_select,android,8.4.0
e26bf11d2f219837,253a491c40512e7e,2026-08-07 12:27:24,lock_reason_select,android,8.4.0
e26bf11d2f219837,253a491c40512e7e,2026-08-07 12:27:33,lock_confirm,android,8.4.0
e26bf11d2f219837,253a491c40512e7e,2026-08-07 12:27:35,lock_success,android,8.4.0
f45e8e1d5357c5b5,12354f8975331193,2026-08-07 12:45:58,unlock_start,android,8.5.0
f45e8e1d5357c5b5,12354f8975331193,2026-08-07 12:46:06,unlock_success,android,8.5.0
1ff69d2e8e9bf6f5,260d579ac2b126a7,2026-08-07 12:46:43,card_lock_start,ios,8.5.0
1ff69d2e8e9bf6f5,260d579ac2b126a7,2026-08-07 12:46:50,card_select,ios,8.5.0
1ff69d2e8e9bf6f5,260d579ac2b126a7,2026-08-07 12:47:06,lock_reason_select,ios,8.5.0
1ff69d2e8e9bf6f5,260d579ac2b126a7,2026-08-07 12:47:12,lock_confirm,ios,8.5.0
1ff69d2e8e9bf6f5,260d579ac2b126a7,2026-08-07 12:47:14,lock_success,ios,8.5.0
81796bc540f99981,1a17ad177ee75f79,2026-08-07 12:59:34,card_lock_start,android,8.5.0
81796bc540f99981,1a17ad177ee75f79,2026-08-07 12:59:38,card_select,android,8.5.0
81796bc540f99981,1a17ad177ee75f79,2026-08-07 12:59:48,lock_reason_select,android,8.5.0
81796bc540f99981,1a17ad177ee75f79,2026-08-07 12:59:52,lock_confirm,android,8.5.0
81796bc540f99981,1a17ad177ee75f79,2026-08-07 12:59:53,lock_success,android,8.5.0
2abcee7b4bce9309,36f022d09c546935,2026-08-07 13:45:05,card_lock_start,android,8.3.0
2abcee7b4bce9309,36f022d09c546935,2026-08-07 13:45:09,card_select,android,8.3.0
2abcee7b4bce9309,36f022d09c546935,2026-08-07 13:45:29,lock_reason_select,android,8.3.0
2abcee7b4bce9309,36f022d09c546935,2026-08-07 13:45:33,lock_confirm,android,8.3.0
2abcee7b4bce9309,36f022d09c546935,2026-08-07 13:45:35,lock_success,android,8.3.0
558e5930a092e0df,049fc7d9fab18695,2026-08-07 15:27:41,card_lock_start,android,8.5.0
558e5930a092e0df,049fc7d9fab18695,2026-08-07 15:27:47,card_select,android,8.5.0
ddb296dc01dbbbf6,119c0da680a4f01f,2026-08-07 15:45:00,card_lock_start,android,8.5.0
ddb296dc01dbbbf6,119c0da680a4f01f,2026-08-07 15:45:07,card_select,android,8.5.0
ddb296dc01dbbbf6,119c0da680a4f01f,2026-08-07 15:45:15,lock_reason_select,android,8.5.0
ddb296dc01dbbbf6,119c0da680a4f01f,2026-08-07 15:45:17,lock_confirm,android,8.5.0
ddb296dc01dbbbf6,119c0da680a4f01f,2026-08-07 15:45:18,lock_error,android,8.5.0
c69dcceb40bb12ff,2a1d43bc9f4ebd78,2026-08-07 15:51:08,card_lock_start,ios,8.5.0
c69dcceb40bb12ff,2a1d43bc9f4ebd78,2026-08-07 15:51:12,card_select,ios,8.5.0
c69dcceb40bb12ff,2a1d43bc9f4ebd78,2026-08-07 15:51:25,lock_reason_select,ios,8.5.0
c69dcceb40bb12ff,2a1d43bc9f4ebd78,2026-08-07 15:51:28,lock_confirm,ios,8.5.0
c69dcceb40bb12ff,2a1d43bc9f4ebd78,2026-08-07 15:51:31,lock_success,ios,8.5.0
c69dcceb40bb12ff,2a1d43bc9f4ebd78,2026-08-07 15:52:58,unlock_start,ios,8.5.0
c69dcceb40bb12ff,2a1d43bc9f4ebd78,2026-08-07 15:53:05,unlock_success,ios,8.5.0
d4692ce5341fbf22,0e8359e49e860aff,2026-08-07 15:57:20,card_lock_start,ios,8.3.0
e0578a71c847f651,2448534d78796f72,2026-08-07 16:40:41,card_lock_start,android,8.2.1
e0578a71c847f651,2448534d78796f72,2026-08-07 16:40:46,card_select,android,8.2.1
bd9d8bdcc20197cd,17d6904ec7d55c2a,2026-08-07 17:40:06,card_lock_start,android,8.5.0
bd9d8bdcc20197cd,17d6904ec7d55c2a,2026-08-07 17:40:11,card_select,android,8.5.0
bd9d8bdcc20197cd,17d6904ec7d55c2a,2026-08-07 17:40:25,lock_reason_select,android,8.5.0
bd9d8bdcc20197cd,17d6904ec7d55c2a,2026-08-07 17:40:32,lock_confirm,android,8.5.0
bd9d8bdcc20197cd,17d6904ec7d55c2a,2026-08-07 17:40:33,lock_success,android,8.5.0
21ff8fb9bcdead2b,311f6250770f3662,2026-08-07 17:57:41,card_lock_start,ios,8.5.0
21ff8fb9bcdead2b,311f6250770f3662,2026-08-07 17:57:45,card_select,ios,8.5.0
4438016947297351,10b0e3ad34d3d7b1,2026-08-07 17:58:52,card_lock_start,android,8.2.1
4438016947297351,10b0e3ad34d3d7b1,2026-08-07 17:59:00,card_select,android,8.2.1
4438016947297351,10b0e3ad34d3d7b1,2026-08-07 17:59:07,lock_reason_select,android,8.2.1
4438016947297351,10b0e3ad34d3d7b1,2026-08-07 17:59:12,lock_confirm,android,8.2.1
4438016947297351,10b0e3ad34d3d7b1,2026-08-07 17:59:13,lock_success,android,8.2.1
4438016947297351,10b0e3ad34d3d7b1,2026-08-07 18:00:41,unlock_start,android,8.2.1
4438016947297351,10b0e3ad34d3d7b1,2026-08-07 18:00:45,unlock_success,android,8.2.1
6aedd440b143cbb3,0b4feb3dda1e8b50,2026-08-07 18:19:12,card_lock_start,ios,8.3.0
6aedd440b143cbb3,0b4feb3dda1e8b50,2026-08-07 18:19:17,card_select,ios,8.3.0
6aedd440b143cbb3,0b4feb3dda1e8b50,2026-08-07 18:19:46,lock_reason_select,ios,8.3.0
6aedd440b143cbb3,0b4feb3dda1e8b50,2026-08-07 18:19:50,lock_confirm,ios,8.3.0
6aedd440b143cbb3,0b4feb3dda1e8b50,2026-08-07 18:19:51,lock_success,ios,8.3.0
4841501e24376e49,33fb9d66d773762c,2026-08-07 19:51:40,card_lock_start,android,8.4.0
4841501e24376e49,33fb9d66d773762c,2026-08-07 19:51:42,card_select,android,8.4.0
4841501e24376e49,33fb9d66d773762c,2026-08-07 19:51:58,lock_reason_select,android,8.4.0
4841501e24376e49,33fb9d66d773762c,2026-08-07 19:52:11,lock_confirm,android,8.4.0
4841501e24376e49,33fb9d66d773762c,2026-08-07 19:52:14,lock_success,android,8.4.0
4841501e24376e49,33fb9d66d773762c,2026-08-07 19:52:55,unlock_start,android,8.4.0
4841501e24376e49,33fb9d66d773762c,2026-08-07 19:53:09,unlock_success,android,8.4.0
d8b77add154a9580,31eff2a40e02c30b,2026-08-07 20:32:07,card_lock_start,android,8.3.0
d8b77add154a9580,31eff2a40e02c30b,2026-08-07 20:32:11,card_select,android,8.3.0
d8b77add154a9580,31eff2a40e02c30b,2026-08-07 20:32:20,lock_reason_select,android,8.3.0
d8b77add154a9580,31eff2a40e02c30b,2026-08-07 20:32:34,lock_confirm,android,8.3.0
d8b77add154a9580,31eff2a40e02c30b,2026-08-07 20:32:36,lock_success,android,8.3.0
d8b77add154a9580,31eff2a40e02c30b,2026-08-07 20:36:52,unlock_start,android,8.3.0
d8b77add154a9580,31eff2a40e02c30b,2026-08-07 20:37:06,unlock_success,android,8.3.0
e219974a05fae63d,2a5c6c958aebff34,2026-08-07 22:01:05,card_lock_start,android,8.4.0
e219974a05fae63d,2a5c6c958aebff34,2026-08-07 22:01:09,card_select,android,8.4.0
e219974a05fae63d,2a5c6c958aebff34,2026-08-07 22:01:20,lock_reason_select,android,8.4.0
efc87fcf6adda4dc,0aaa42a3ee9830d9,2026-08-07 23:50:18,card_lock_start,android,8.5.0
efc87fcf6adda4dc,0aaa42a3ee9830d9,2026-08-07 23:50:24,card_select,android,8.5.0
5a5dae7243dd2803,085dff7dcf15fb60,2026-08-08 00:31:14,card_lock_start,android,8.5.0
5a5dae7243dd2803,085dff7dcf15fb60,2026-08-08 00:31:21,card_select,android,8.5.0
5a5dae7243dd2803,085dff7dcf15fb60,2026-08-08 00:31:32,lock_reason_select,android,8.5.0
5a5dae7243dd2803,085dff7dcf15fb60,2026-08-08 00:31:37,lock_confirm,android,8.5.0
5a5dae7243dd2803,085dff7dcf15fb60,2026-08-08 00:31:39,lock_success,android,8.5.0
4b611af7c187b41e,0f82d6626e900032,2026-08-08 03:30:05,card_lock_start,android,8.4.0
4b611af7c187b41e,0f82d6626e900032,2026-08-08 03:30:12,card_select,android,8.4.0
4b611af7c187b41e,0f82d6626e900032,2026-08-08 03:30:19,lock_reason_select,android,8.4.0
4b611af7c187b41e,0f82d6626e900032,2026-08-08 03:30:25,lock_confirm,android,8.4.0
4b611af7c187b41e,0f82d6626e900032,2026-08-08 03:30:26,lock_success,android,8.4.0
be16b554d3f3c584,123611eae8b8f430,2026-08-08 06:02:36,card_lock_start,android,8.3.0
4e06060f17433063,1fb6d4bb0064a24a,2026-08-08 06:08:04,card_lock_start,android,8.5.0
4e06060f17433063,1fb6d4bb0064a24a,2026-08-08 06:08:10,card_select,android,8.5.0
4e06060f17433063,1fb6d4bb0064a24a,2026-08-08 06:08:28,lock_reason_select,android,8.5.0
4e06060f17433063,1fb6d4bb0064a24a,2026-08-08 06:08:30,lock_confirm,android,8.5.0
4e06060f17433063,1fb6d4bb0064a24a,2026-08-08 06:08:32,lock_success,android,8.5.0
fbffa6f5a87041a7,2525b595310777d9,2026-08-08 08:14:42,card_lock_start,android,8.3.0
fbffa6f5a87041a7,2525b595310777d9,2026-08-08 08:14:47,card_select,android,8.3.0
fbffa6f5a87041a7,2525b595310777d9,2026-08-08 08:15:07,lock_reason_select,android,8.3.0
fbffa6f5a87041a7,2525b595310777d9,2026-08-08 08:15:10,lock_confirm,android,8.3.0
fbffa6f5a87041a7,2525b595310777d9,2026-08-08 08:15:12,lock_success,android,8.3.0
635608b7c49a5b5e,2a9bf4b80cb1358f,2026-08-08 09:58:46,card_lock_start,ios,8.5.0
635608b7c49a5b5e,2a9bf4b80cb1358f,2026-08-08 09:58:53,card_select,ios,8.5.0
635608b7c49a5b5e,2a9bf4b80cb1358f,2026-08-08 09:59:02,lock_reason_select,ios,8.5.0
635608b7c49a5b5e,2a9bf4b80cb1358f,2026-08-08 09:59:07,lock_confirm,ios,8.5.0
635608b7c49a5b5e,2a9bf4b80cb1358f,2026-08-08 09:59:09,lock_success,ios,8.5.0
635608b7c49a5b5e,2a9bf4b80cb1358f,2026-08-08 10:02:54,unlock_start,ios,8.5.0
635608b7c49a5b5e,2a9bf4b80cb1358f,2026-08-08 10:03:05,unlock_success,ios,8.5.0
e6cea4bddfc4019e,1e6ba174da6eb0d1,2026-08-08 11:10:26,unlock_start,android,8.3.0
e6cea4bddfc4019e,1e6ba174da6eb0d1,2026-08-08 11:10:35,unlock_success,android,8.3.0
7a306c4ab155ecdd,01d98b64eeaf1285,2026-08-08 12:19:44,card_lock_start,ios,8.4.1
7a306c4ab155ecdd,01d98b64eeaf1285,2026-08-08 12:19:48,card_select,ios,8.4.1
7a306c4ab155ecdd,01d98b64eeaf1285,2026-08-08 12:20:08,lock_reason_select,ios,8.4.1
7a306c4ab155ecdd,01d98b64eeaf1285,2026-08-08 12:20:18,lock_confirm,ios,8.4.1
7a306c4ab155ecdd,01d98b64eeaf1285,2026-08-08 12:20:19,lock_success,ios,8.4.1
9c1b29507d5014e7,3b7b413ecac39ec1,2026-08-08 12:47:15,card_lock_start,android,8.5.0
9c1b29507d5014e7,3b7b413ecac39ec1,2026-08-08 12:47:23,card_select,android,8.5.0
9c1b29507d5014e7,3b7b413ecac39ec1,2026-08-08 12:47:33,lock_reason_select,android,8.5.0
9c1b29507d5014e7,3b7b413ecac39ec1,2026-08-08 12:47:41,lock_confirm,android,8.5.0
9c1b29507d5014e7,3b7b413ecac39ec1,2026-08-08 12:47:44,lock_success,android,8.5.0
d34caf205c60ffa2,2b0f1fb136f1a61d,2026-08-08 13:59:57,card_lock_start,ios,8.4.1
d34caf205c60ffa2,2b0f1fb136f1a61d,2026-08-08 14:00:06,card_select,ios,8.4.1
d34caf205c60ffa2,2b0f1fb136f1a61d,2026-08-08 14:00:16,lock_reason_select,ios,8.4.1
d34caf205c60ffa2,2b0f1fb136f1a61d,2026-08-08 14:00:20,lock_confirm,ios,8.4.1
d34caf205c60ffa2,2b0f1fb136f1a61d,2026-08-08 14:00:21,lock_success,ios,8.4.1
4291a3d754e0ec0e,341e8a273fa774ed,2026-08-08 14:13:03,card_lock_start,android,8.3.0
4291a3d754e0ec0e,341e8a273fa774ed,2026-08-08 14:13:11,card_select,android,8.3.0
8c2a5725c9ce3721,1fe4635bd14beba0,2026-08-08 15:58:32,card_lock_start,android,8.2.1
8c2a5725c9ce3721,1fe4635bd14beba0,2026-08-08 15:58:36,card_select,android,8.2.1
8c2a5725c9ce3721,1fe4635bd14beba0,2026-08-08 15:58:55,lock_reason_select,android,8.2.1
8c2a5725c9ce3721,1fe4635bd14beba0,2026-08-08 15:59:01,lock_confirm,android,8.2.1
8c2a5725c9ce3721,1fe4635bd14beba0,2026-08-08 15:59:03,lock_success,android,8.2.1
0d20a52048c2e52d,021c11834dfbdc5c,2026-08-08 16:10:46,card_lock_start,android,8.2.1
0d20a52048c2e52d,021c11834dfbdc5c,2026-08-08 16:10:53,card_select,android,8.2.1
0d20a52048c2e52d,021c11834dfbdc5c,2026-08-08 16:11:12,lock_reason_select,android,8.2.1
0d20a52048c2e52d,021c11834dfbdc5c,2026-08-08 16:11:17,lock_confirm,android,8.2.1
0d20a52048c2e52d,021c11834dfbdc5c,2026-08-08 16:11:18,lock_success,android,8.2.1
dd144fe1aed6e2f8,0f4135f291049472,2026-08-08 18:55:37,card_lock_start,android,8.2.1
dd144fe1aed6e2f8,0f4135f291049472,2026-08-08 18:55:45,card_select,android,8.2.1
dd144fe1aed6e2f8,0f4135f291049472,2026-08-08 18:55:50,lock_reason_select,android,8.2.1
dd144fe1aed6e2f8,0f4135f291049472,2026-08-08 18:55:55,lock_confirm,android,8.2.1
dd144fe1aed6e2f8,0f4135f291049472,2026-08-08 18:55:58,lock_success,android,8.2.1
4520e83fc7ddf105,0d78a88cde231cea,2026-08-08 21:10:45,card_lock_start,ios,8.4.1
4520e83fc7ddf105,0d78a88cde231cea,2026-08-08 21:10:49,card_select,ios,8.4.1
4520e83fc7ddf105,0d78a88cde231cea,2026-08-08 21:10:57,lock_reason_select,ios,8.4.1
4520e83fc7ddf105,0d78a88cde231cea,2026-08-08 21:11:04,lock_confirm,ios,8.4.1
4520e83fc7ddf105,0d78a88cde231cea,2026-08-08 21:11:05,lock_success,ios,8.4.1
04e94a4fec440827,1a6a15dd203e483c,2026-08-08 22:59:03,card_lock_start,ios,8.4.1
04e94a4fec440827,1a6a15dd203e483c,2026-08-08 22:59:07,card_select,ios,8.4.1
04e94a4fec440827,1a6a15dd203e483c,2026-08-08 22:59:15,lock_reason_select,ios,8.4.1
04e94a4fec440827,1a6a15dd203e483c,2026-08-08 22:59:19,lock_confirm,ios,8.4.1
04e94a4fec440827,1a6a15dd203e483c,2026-08-08 22:59:21,lock_success,ios,8.4.1
469368c789dd4616,04565370ea5a98cc,2026-08-09 04:31:11,unlock_start,ios,8.4.1
469368c789dd4616,04565370ea5a98cc,2026-08-09 04:31:24,unlock_success,ios,8.4.1
29bf7ff89638c7ce,0c506340a3afa654,2026-08-09 06:50:28,card_lock_start,android,8.5.0
29bf7ff89638c7ce,0c506340a3afa654,2026-08-09 06:50:34,card_select,android,8.5.0
dce80c539d69b6df,0d71186906c323e5,2026-08-09 08:37:23,card_lock_start,android,8.5.0
dce80c539d69b6df,0d71186906c323e5,2026-08-09 08:37:27,card_select,android,8.5.0
dce80c539d69b6df,0d71186906c323e5,2026-08-09 08:37:35,lock_reason_select,android,8.5.0
dce80c539d69b6df,0d71186906c323e5,2026-08-09 08:37:43,lock_confirm,android,8.5.0
dce80c539d69b6df,0d71186906c323e5,2026-08-09 08:37:44,lock_success,android,8.5.0
28745898828bddd8,24cc8419fcca638e,2026-08-09 10:20:21,card_lock_start,android,8.3.0
28745898828bddd8,24cc8419fcca638e,2026-08-09 10:20:30,card_select,android,8.3.0
28745898828bddd8,24cc8419fcca638e,2026-08-09 10:20:42,lock_reason_select,android,8.3.0
28745898828bddd8,24cc8419fcca638e,2026-08-09 10:20:48,lock_confirm,android,8.3.0
28745898828bddd8,24cc8419fcca638e,2026-08-09 10:20:50,lock_success,android,8.3.0
1c5c636af48a034b,1d009dfaf2b2b3c0,2026-08-09 11:45:21,card_lock_start,android,8.3.0
1c5c636af48a034b,1d009dfaf2b2b3c0,2026-08-09 11:45:28,card_select,android,8.3.0
1c5c636af48a034b,1d009dfaf2b2b3c0,2026-08-09 11:45:34,lock_reason_select,android,8.3.0
1c5c636af48a034b,1d009dfaf2b2b3c0,2026-08-09 11:45:39,lock_confirm,android,8.3.0
1c5c636af48a034b,1d009dfaf2b2b3c0,2026-08-09 11:45:40,lock_success,android,8.3.0
f9e164892cf6d7fe,1f342d6bc38df27b,2026-08-09 13:31:56,unlock_start,ios,8.5.0
f9e164892cf6d7fe,1f342d6bc38df27b,2026-08-09 13:32:05,unlock_success,ios,8.5.0
4895fb1b188c001c,2ee4598f84d066ac,2026-08-09 14:14:30,unlock_start,android,8.3.0
4895fb1b188c001c,2ee4598f84d066ac,2026-08-09 14:14:41,unlock_success,android,8.3.0
65a7ae528595423f,2a7177045a68e12d,2026-08-09 16:49:19,card_lock_start,ios,8.5.0
65a7ae528595423f,2a7177045a68e12d,2026-08-09 16:49:23,card_select,ios,8.5.0
65a7ae528595423f,2a7177045a68e12d,2026-08-09 16:49:45,lock_reason_select,ios,8.5.0
65a7ae528595423f,2a7177045a68e12d,2026-08-09 16:49:50,lock_confirm,ios,8.5.0
65a7ae528595423f,2a7177045a68e12d,2026-08-09 16:49:52,lock_success,ios,8.5.0
44eb7354d7f5e77a,340dca7d1246245b,2026-08-09 17:53:21,card_lock_start,ios,8.4.1
44eb7354d7f5e77a,340dca7d1246245b,2026-08-09 17:53:26,card_select,ios,8.4.1
44eb7354d7f5e77a,340dca7d1246245b,2026-08-09 17:53:39,lock_reason_select,ios,8.4.1
44eb7354d7f5e77a,340dca7d1246245b,2026-08-09 17:53:45,lock_confirm,ios,8.4.1
44eb7354d7f5e77a,340dca7d1246245b,2026-08-09 17:53:46,lock_success,ios,8.4.1
836602704e037a0a,058d55841895803c,2026-08-09 18:49:19,card_lock_start,ios,8.4.1
836602704e037a0a,058d55841895803c,2026-08-09 18:49:23,card_select,ios,8.4.1
836602704e037a0a,058d55841895803c,2026-08-09 18:49:31,lock_reason_select,ios,8.4.1
836602704e037a0a,058d55841895803c,2026-08-09 18:49:33,lock_confirm,ios,8.4.1
836602704e037a0a,058d55841895803c,2026-08-09 18:49:34,lock_success,ios,8.4.1
7c02f9c17f0954ad,30c3803d0e2c05a2,2026-08-09 19:58:10,card_lock_start,android,8.3.0
7c02f9c17f0954ad,30c3803d0e2c05a2,2026-08-09 19:58:18,card_select,android,8.3.0
7c02f9c17f0954ad,30c3803d0e2c05a2,2026-08-09 19:58:29,lock_reason_select,android,8.3.0
7c02f9c17f0954ad,30c3803d0e2c05a2,2026-08-09 19:58:34,lock_confirm,android,8.3.0
7c02f9c17f0954ad,30c3803d0e2c05a2,2026-08-09 19:58:37,lock_success,android,8.3.0
934fb1f68f7efd22,265ab7acd8d0a47e,2026-08-09 21:11:26,card_lock_start,android,8.4.0
934fb1f68f7efd22,265ab7acd8d0a47e,2026-08-09 21:11:30,card_select,android,8.4.0
934fb1f68f7efd22,265ab7acd8d0a47e,2026-08-09 21:11:40,lock_reason_select,android,8.4.0
bc177ce6dbd54338,10cfb7e03036c186,2026-08-09 22:16:51,unlock_start,ios,8.5.0
bc177ce6dbd54338,10cfb7e03036c186,2026-08-09 22:17:00,unlock_success,ios,8.5.0
890d6c534d6aa957,156812f87fea2174,2026-08-09 22:41:41,unlock_start,android,8.3.0
890d6c534d6aa957,156812f87fea2174,2026-08-09 22:41:51,unlock_success,android,8.3.0
c75bb2b038b95604,01551100bbb651a6,2026-08-09 23:32:56,card_lock_start,ios,8.4.1
c75bb2b038b95604,01551100bbb651a6,2026-08-09 23:33:00,card_select,ios,8.4.1
c75bb2b038b95604,01551100bbb651a6,2026-08-09 23:33:08,lock_reason_select,ios,8.4.1
c75bb2b038b95604,01551100bbb651a6,2026-08-09 23:33:13,lock_confirm,ios,8.4.1
c75bb2b038b95604,01551100bbb651a6,2026-08-09 23:33:15,lock_success,ios,8.4.1
7530fc00b4b4cc79,3a1e6cceda153d7c,2026-08-10 02:30:07,unlock_start,ios,8.4.1
7530fc00b4b4cc79,3a1e6cceda153d7c,2026-08-10 02:30:12,unlock_success,ios,8.4.1
44eb7354d7f5e77a,09c2dd21c4ec1a75,2026-08-10 03:49:57,unlock_start,ios,8.4.1
44eb7354d7f5e77a,09c2dd21c4ec1a75,2026-08-10 03:50:07,unlock_success,ios,8.4.1
a319c16834c07703,0dc3eb625c372f5f,2026-08-10 05:41:42,unlock_start,ios,8.4.1
a319c16834c07703,0dc3eb625c372f5f,2026-08-10 05:41:52,unlock_success,ios,8.4.1
376018a6cff3f4b0,3d02762a2aa324fb,2026-08-10 08:26:06,card_lock_start,ios,8.4.1
376018a6cff3f4b0,3d02762a2aa324fb,2026-08-10 08:26:11,card_select,ios,8.4.1
9240979b5c1982d9,33ed9c9e13b87cd9,2026-08-10 09:08:45,card_lock_start,android,8.3.0
9240979b5c1982d9,33ed9c9e13b87cd9,2026-08-10 09:08:50,card_select,android,8.3.0
9240979b5c1982d9,33ed9c9e13b87cd9,2026-08-10 09:09:06,lock_reason_select,android,8.3.0
9240979b5c1982d9,33ed9c9e13b87cd9,2026-08-10 09:09:11,lock_confirm,android,8.3.0
9240979b5c1982d9,33ed9c9e13b87cd9,2026-08-10 09:09:13,lock_success,android,8.3.0
9240979b5c1982d9,33ed9c9e13b87cd9,2026-08-10 09:11:33,unlock_start,android,8.3.0
9240979b5c1982d9,33ed9c9e13b87cd9,2026-08-10 09:11:38,unlock_success,android,8.3.0
76a5a9f28623b371,18e493032ca4b5fe,2026-08-10 09:46:58,card_lock_start,android,8.3.0
76a5a9f28623b371,18e493032ca4b5fe,2026-08-10 09:47:06,card_select,android,8.3.0
76a5a9f28623b371,18e493032ca4b5fe,2026-08-10 09:47:47,lock_reason_select,android,8.3.0
76a5a9f28623b371,18e493032ca4b5fe,2026-08-10 09:47:55,lock_confirm,android,8.3.0
76a5a9f28623b371,18e493032ca4b5fe,2026-08-10 09:47:58,lock_success,android,8.3.0
76a5a9f28623b371,18e493032ca4b5fe,2026-08-10 09:48:11,unlock_start,android,8.3.0
76a5a9f28623b371,18e493032ca4b5fe,2026-08-10 09:48:19,unlock_success,android,8.3.0
77afbc39498a0292,3216ebb608786b60,2026-08-10 10:15:35,card_lock_start,android,8.4.0
77afbc39498a0292,3216ebb608786b60,2026-08-10 10:15:39,card_select,android,8.4.0
77afbc39498a0292,3216ebb608786b60,2026-08-10 10:15:59,lock_reason_select,android,8.4.0
77afbc39498a0292,3216ebb608786b60,2026-08-10 10:16:10,lock_confirm,android,8.4.0
77afbc39498a0292,3216ebb608786b60,2026-08-10 10:16:12,lock_success,android,8.4.0
77afbc39498a0292,3216ebb608786b60,2026-08-10 10:21:29,unlock_start,android,8.4.0
77afbc39498a0292,3216ebb608786b60,2026-08-10 10:21:35,unlock_success,android,8.4.0
802ad7ecdb553b9f,1e8427e34e08c474,2026-08-10 10:49:03,card_lock_start,ios,8.3.0
802ad7ecdb553b9f,1e8427e34e08c474,2026-08-10 10:49:09,card_select,ios,8.3.0
2fae666ad0976fdb,1652f3070a5ea357,2026-08-10 12:12:47,card_lock_start,android,8.4.0
2fae666ad0976fdb,1652f3070a5ea357,2026-08-10 12:12:56,card_select,android,8.4.0
2fae666ad0976fdb,1652f3070a5ea357,2026-08-10 12:13:12,lock_reason_select,android,8.4.0
c0cd12ea7c08b3cd,29f1dc6352bbe97e,2026-08-10 12:36:39,card_lock_start,android,8.5.0
c0cd12ea7c08b3cd,29f1dc6352bbe97e,2026-08-10 12:36:47,card_select,android,8.5.0
c0cd12ea7c08b3cd,29f1dc6352bbe97e,2026-08-10 12:36:53,lock_reason_select,android,8.5.0
c0cd12ea7c08b3cd,29f1dc6352bbe97e,2026-08-10 12:37:01,lock_confirm,android,8.5.0
c0cd12ea7c08b3cd,29f1dc6352bbe97e,2026-08-10 12:37:04,lock_success,android,8.5.0
b1054154aae4b5c4,2e9f3f2cf49face0,2026-08-10 13:14:41,card_lock_start,android,8.3.0
b1054154aae4b5c4,2e9f3f2cf49face0,2026-08-10 13:14:47,card_select,android,8.3.0
b1054154aae4b5c4,2e9f3f2cf49face0,2026-08-10 13:14:54,lock_reason_select,android,8.3.0
ae825cee5c602456,341af6fc647f8e70,2026-08-10 13:55:17,card_lock_start,android,8.3.0
ae825cee5c602456,341af6fc647f8e70,2026-08-10 13:55:23,card_select,android,8.3.0
ae825cee5c602456,341af6fc647f8e70,2026-08-10 13:55:35,lock_reason_select,android,8.3.0
ae825cee5c602456,341af6fc647f8e70,2026-08-10 13:55:38,lock_confirm,android,8.3.0
ae825cee5c602456,341af6fc647f8e70,2026-08-10 13:55:40,lock_success,android,8.3.0
0082093ea3826f5d,3e95c03392bef217,2026-08-10 15:04:05,card_lock_start,ios,8.5.0
0082093ea3826f5d,3e95c03392bef217,2026-08-10 15:04:11,card_select,ios,8.5.0
0082093ea3826f5d,3e95c03392bef217,2026-08-10 15:04:21,lock_reason_select,ios,8.5.0
0082093ea3826f5d,3e95c03392bef217,2026-08-10 15:04:26,lock_confirm,ios,8.5.0
0082093ea3826f5d,3e95c03392bef217,2026-08-10 15:04:28,lock_success,ios,8.5.0
0082093ea3826f5d,3e95c03392bef217,2026-08-10 15:04:55,unlock_start,ios,8.5.0
0082093ea3826f5d,3e95c03392bef217,2026-08-10 15:05:10,unlock_success,ios,8.5.0
edd43afabfde9771,1cb9558b43459f92,2026-08-10 15:38:14,card_lock_start,android,8.5.0
edd43afabfde9771,1cb9558b43459f92,2026-08-10 15:38:25,card_select,android,8.5.0
edd43afabfde9771,1cb9558b43459f92,2026-08-10 15:38:44,lock_reason_select,android,8.5.0
edd43afabfde9771,1cb9558b43459f92,2026-08-10 15:38:48,lock_confirm,android,8.5.0
edd43afabfde9771,1cb9558b43459f92,2026-08-10 15:38:51,lock_success,android,8.5.0
5190c3ae692d6f70,2168963ee810c37f,2026-08-10 16:38:19,card_lock_start,android,8.5.0
5190c3ae692d6f70,2168963ee810c37f,2026-08-10 16:38:25,card_select,android,8.5.0
5190c3ae692d6f70,2168963ee810c37f,2026-08-10 16:38:34,lock_reason_select,android,8.5.0
5190c3ae692d6f70,2168963ee810c37f,2026-08-10 16:38:40,lock_confirm,android,8.5.0
5190c3ae692d6f70,2168963ee810c37f,2026-08-10 16:38:42,lock_success,android,8.5.0
a46080d3fb0b3897,1bd23625626d6007,2026-08-10 17:28:12,card_lock_start,android,8.5.0
a46080d3fb0b3897,1bd23625626d6007,2026-08-10 17:28:19,card_select,android,8.5.0
a46080d3fb0b3897,1bd23625626d6007,2026-08-10 17:28:27,lock_reason_select,android,8.5.0
a46080d3fb0b3897,1bd23625626d6007,2026-08-10 17:28:29,lock_confirm,android,8.5.0
a46080d3fb0b3897,1bd23625626d6007,2026-08-10 17:28:31,lock_success,android,8.5.0
a46080d3fb0b3897,1bd23625626d6007,2026-08-10 17:29:43,unlock_start,android,8.5.0
a46080d3fb0b3897,1bd23625626d6007,2026-08-10 17:29:50,unlock_success,android,8.5.0
b954e6750834f959,3951bcaf00de75e3,2026-08-10 18:22:14,card_lock_start,ios,8.4.1
e701f9c9120931ed,05a7783928fb0d22,2026-08-10 18:50:31,card_lock_start,android,8.3.0
e701f9c9120931ed,05a7783928fb0d22,2026-08-10 18:50:33,card_select,android,8.3.0
6144d25605ae3f30,04319e825d4b6f72,2026-08-10 21:21:17,unlock_start,ios,8.4.1
b0f2bdceeffaba40,2d5b2405b033a319,2026-08-10 22:24:24,unlock_start,android,8.3.0
b0f2bdceeffaba40,2d5b2405b033a319,2026-08-10 22:24:28,unlock_success,android,8.3.0
d116576f756a46bb,02f9b311874a5f19,2026-08-11 06:47:31,card_lock_start,ios,8.4.1
d116576f756a46bb,02f9b311874a5f19,2026-08-11 06:47:36,card_select,ios,8.4.1
d116576f756a46bb,02f9b311874a5f19,2026-08-11 06:47:53,lock_reason_select,ios,8.4.1
d116576f756a46bb,02f9b311874a5f19,2026-08-11 06:47:57,lock_confirm,ios,8.4.1
d116576f756a46bb,02f9b311874a5f19,2026-08-11 06:47:59,lock_success,ios,8.4.1
db12f930786b6584,23886d501f5618d8,2026-08-11 08:41:52,card_lock_start,android,8.5.0
db12f930786b6584,23886d501f5618d8,2026-08-11 08:41:54,card_select,android,8.5.0
db12f930786b6584,23886d501f5618d8,2026-08-11 08:42:09,lock_reason_select,android,8.5.0
db12f930786b6584,23886d501f5618d8,2026-08-11 08:42:17,lock_confirm,android,8.5.0
db12f930786b6584,23886d501f5618d8,2026-08-11 08:42:19,lock_success,android,8.5.0
854a161d6c2d4a6e,383a67bb26a7324b,2026-08-11 09:39:18,card_lock_start,ios,8.5.0
854a161d6c2d4a6e,383a67bb26a7324b,2026-08-11 09:39:27,card_select,ios,8.5.0
854a161d6c2d4a6e,383a67bb26a7324b,2026-08-11 09:39:39,lock_reason_select,ios,8.5.0
854a161d6c2d4a6e,383a67bb26a7324b,2026-08-11 09:39:44,lock_confirm,ios,8.5.0
854a161d6c2d4a6e,383a67bb26a7324b,2026-08-11 09:39:45,lock_success,ios,8.5.0
44375e8f68958b34,056f12217aa17fd9,2026-08-11 09:47:54,card_lock_start,ios,8.4.1
44375e8f68958b34,056f12217aa17fd9,2026-08-11 09:48:03,card_select,ios,8.4.1
44375e8f68958b34,056f12217aa17fd9,2026-08-11 09:48:17,lock_reason_select,ios,8.4.1
44375e8f68958b34,056f12217aa17fd9,2026-08-11 09:48:21,lock_confirm,ios,8.4.1
44375e8f68958b34,056f12217aa17fd9,2026-08-11 09:48:23,lock_success,ios,8.4.1
836602704e037a0a,14be74c6acc09f90,2026-08-11 09:48:28,unlock_start,ios,8.4.1
836602704e037a0a,14be74c6acc09f90,2026-08-11 09:48:37,unlock_success,ios,8.4.1
b49638342a22768c,3a9a2de42d1d91fa,2026-08-11 10:27:35,card_lock_start,android,8.2.1
b49638342a22768c,3a9a2de42d1d91fa,2026-08-11 10:27:52,card_select,android,8.2.1
b49638342a22768c,3a9a2de42d1d91fa,2026-08-11 10:27:59,lock_reason_select,android,8.2.1
b49638342a22768c,3a9a2de42d1d91fa,2026-08-11 10:28:05,lock_confirm,android,8.2.1
b49638342a22768c,3a9a2de42d1d91fa,2026-08-11 10:28:06,lock_success,android,8.2.1
f9e164892cf6d7fe,3f6f2810ecdd5fff,2026-08-11 13:27:53,card_lock_start,ios,8.5.0
f9e164892cf6d7fe,3f6f2810ecdd5fff,2026-08-11 13:27:57,card_select,ios,8.5.0
f9e164892cf6d7fe,3f6f2810ecdd5fff,2026-08-11 13:28:04,lock_reason_select,ios,8.5.0
f9e164892cf6d7fe,3f6f2810ecdd5fff,2026-08-11 13:28:10,lock_confirm,ios,8.5.0
f9e164892cf6d7fe,3f6f2810ecdd5fff,2026-08-11 13:28:11,lock_success,ios,8.5.0
11db7466f5bb86db,3182a705933d8cb8,2026-08-11 14:36:32,card_lock_start,ios,8.4.1
11db7466f5bb86db,3182a705933d8cb8,2026-08-11 14:36:40,card_select,ios,8.4.1
11db7466f5bb86db,3182a705933d8cb8,2026-08-11 14:37:00,lock_reason_select,ios,8.4.1
11db7466f5bb86db,3182a705933d8cb8,2026-08-11 14:37:06,lock_confirm,ios,8.4.1
11db7466f5bb86db,3182a705933d8cb8,2026-08-11 14:37:08,lock_success,ios,8.4.1
8693d8d03987b4f6,290eee303df9191c,2026-08-11 14:50:00,card_lock_start,android,8.5.0
8693d8d03987b4f6,290eee303df9191c,2026-08-11 14:50:04,card_select,android,8.5.0
8693d8d03987b4f6,290eee303df9191c,2026-08-11 14:50:14,lock_reason_select,android,8.5.0
8693d8d03987b4f6,290eee303df9191c,2026-08-11 14:50:18,lock_confirm,android,8.5.0
8693d8d03987b4f6,290eee303df9191c,2026-08-11 14:50:19,lock_success,android,8.5.0
f1a0dbe0379440b2,33ae92207a4c9978,2026-08-11 15:07:09,unlock_start,ios,8.5.0
f1a0dbe0379440b2,33ae92207a4c9978,2026-08-11 15:07:19,unlock_success,ios,8.5.0
f743dbbe8fc6b3b6,0dcb1fa0c127c12c,2026-08-11 15:27:55,card_lock_start,android,8.5.0
15a67c56c5e3fb96,1e82503a27acd2c6,2026-08-11 15:34:11,card_lock_start,android,8.3.0
15a67c56c5e3fb96,1e82503a27acd2c6,2026-08-11 15:34:16,card_select,android,8.3.0
15a67c56c5e3fb96,1e82503a27acd2c6,2026-08-11 15:34:20,lock_reason_select,android,8.3.0
15a67c56c5e3fb96,1e82503a27acd2c6,2026-08-11 15:34:25,lock_confirm,android,8.3.0
15a67c56c5e3fb96,1e82503a27acd2c6,2026-08-11 15:34:27,lock_success,android,8.3.0
fefcc27f814ef352,1d40b6aaa7da3ad2,2026-08-11 18:26:13,card_lock_start,android,8.6.0-beta
fefcc27f814ef352,1d40b6aaa7da3ad2,2026-08-11 18:26:17,card_select,android,8.6.0-beta
fefcc27f814ef352,1d40b6aaa7da3ad2,2026-08-11 18:26:37,lock_reason_select,android,8.6.0-beta
fefcc27f814ef352,1d40b6aaa7da3ad2,2026-08-11 18:26:40,lock_confirm,android,8.6.0-beta
fefcc27f814ef352,1d40b6aaa7da3ad2,2026-08-11 18:26:42,lock_success,android,8.6.0-beta
e26bf11d2f219837,301c549f5d4d3fa2,2026-08-11 19:49:20,unlock_start,android,8.4.0
e26bf11d2f219837,301c549f5d4d3fa2,2026-08-11 19:49:34,unlock_success,android,8.4.0
af23f9bfd911430b,2400beb5812b30be,2026-08-11 20:28:08,card_lock_start,android,8.5.0
af23f9bfd911430b,2400beb5812b30be,2026-08-11 20:28:18,card_select,android,8.5.0
af23f9bfd911430b,2400beb5812b30be,2026-08-11 20:28:28,lock_reason_select,android,8.5.0
af23f9bfd911430b,2400beb5812b30be,2026-08-11 20:28:31,lock_confirm,android,8.5.0
af23f9bfd911430b,2400beb5812b30be,2026-08-11 20:28:32,lock_success,android,8.5.0
eef5e664693a5c7a,35c97fccea403b4c,2026-08-11 21:30:57,card_lock_start,android,8.4.0
eef5e664693a5c7a,35c97fccea403b4c,2026-08-11 21:31:05,card_select,android,8.4.0
eef5e664693a5c7a,35c97fccea403b4c,2026-08-11 21:31:12,lock_reason_select,android,8.4.0
eef5e664693a5c7a,35c97fccea403b4c,2026-08-11 21:31:25,lock_confirm,android,8.4.0
eef5e664693a5c7a,35c97fccea403b4c,2026-08-11 21:31:27,lock_success,android,8.4.0
b4de4e6193dfe4fa,26b5bd9c7f6f862e,2026-08-11 22:07:22,card_lock_start,ios,8.5.0
b4de4e6193dfe4fa,26b5bd9c7f6f862e,2026-08-11 22:07:27,card_select,ios,8.5.0
b4de4e6193dfe4fa,26b5bd9c7f6f862e,2026-08-11 22:07:36,lock_reason_select,ios,8.5.0
b4de4e6193dfe4fa,26b5bd9c7f6f862e,2026-08-11 22:07:40,lock_confirm,ios,8.5.0
b4de4e6193dfe4fa,26b5bd9c7f6f862e,2026-08-11 22:07:42,lock_success,ios,8.5.0
b4de4e6193dfe4fa,26b5bd9c7f6f862e,2026-08-11 22:11:37,unlock_start,ios,8.5.0
b4de4e6193dfe4fa,26b5bd9c7f6f862e,2026-08-11 22:11:41,unlock_success,ios,8.5.0
a31b2a2bbf4c8200,3b9e2e1ba39b92a8,2026-08-12 02:36:08,card_lock_start,android,8.2.1
a31b2a2bbf4c8200,3b9e2e1ba39b92a8,2026-08-12 02:36:10,card_select,android,8.2.1
a31b2a2bbf4c8200,3b9e2e1ba39b92a8,2026-08-12 02:36:26,lock_reason_select,android,8.2.1
a31b2a2bbf4c8200,3b9e2e1ba39b92a8,2026-08-12 02:36:30,lock_confirm,android,8.2.1
a31b2a2bbf4c8200,3b9e2e1ba39b92a8,2026-08-12 02:36:32,lock_success,android,8.2.1
426655f11bb30467,033a3dd8423467ec,2026-08-12 07:00:15,card_lock_start,android,8.5.0
500edfa23c433237,3b25a9f389daa39c,2026-08-12 08:18:58,unlock_start,ios,8.5.0
500edfa23c433237,3b25a9f389daa39c,2026-08-12 08:19:11,unlock_success,ios,8.5.0
d01f7064b2511231,10b021597d10ea26,2026-08-12 08:24:53,card_lock_start,android,8.2.1
d01f7064b2511231,10b021597d10ea26,2026-08-12 08:24:58,card_select,android,8.2.1
d01f7064b2511231,10b021597d10ea26,2026-08-12 08:25:04,lock_reason_select,android,8.2.1
d01f7064b2511231,10b021597d10ea26,2026-08-12 08:25:08,lock_confirm,android,8.2.1
d01f7064b2511231,10b021597d10ea26,2026-08-12 08:25:11,lock_success,android,8.2.1
d01f7064b2511231,10b021597d10ea26,2026-08-12 08:26:06,unlock_start,android,8.2.1
d01f7064b2511231,10b021597d10ea26,2026-08-12 08:26:10,unlock_success,android,8.2.1
78ffa47c632f7182,131974fc21ceaeeb,2026-08-12 08:26:11,card_lock_start,android,8.4.0
78ffa47c632f7182,131974fc21ceaeeb,2026-08-12 08:26:18,card_select,android,8.4.0
78ffa47c632f7182,131974fc21ceaeeb,2026-08-12 08:26:24,lock_reason_select,android,8.4.0
78ffa47c632f7182,131974fc21ceaeeb,2026-08-12 08:26:30,lock_confirm,android,8.4.0
78ffa47c632f7182,131974fc21ceaeeb,2026-08-12 08:26:33,lock_success,android,8.4.0
1a9c882c171ccd18,14a674a7e05fdea6,2026-08-12 08:35:52,card_lock_start,android,8.4.0
1a9c882c171ccd18,14a674a7e05fdea6,2026-08-12 08:35:59,card_select,android,8.4.0
1a9c882c171ccd18,14a674a7e05fdea6,2026-08-12 08:36:13,lock_reason_select,android,8.4.0
aa9b8dfbdac77731,2649e1c27d3667d6,2026-08-12 09:10:47,unlock_start,android,8.3.0
aa9b8dfbdac77731,2649e1c27d3667d6,2026-08-12 09:10:59,unlock_success,android,8.3.0
d925c19d62a1e40f,312bfb875d75837a,2026-08-12 09:13:46,card_lock_start,ios,8.3.0
d925c19d62a1e40f,312bfb875d75837a,2026-08-12 09:13:53,card_select,ios,8.3.0
d925c19d62a1e40f,312bfb875d75837a,2026-08-12 09:14:00,lock_reason_select,ios,8.3.0
d925c19d62a1e40f,312bfb875d75837a,2026-08-12 09:14:10,lock_confirm,ios,8.3.0
d925c19d62a1e40f,312bfb875d75837a,2026-08-12 09:14:12,lock_success,ios,8.3.0
8c2a5725c9ce3721,2ccc60a2f7c8ac23,2026-08-12 09:45:26,unlock_start,android,8.2.1
8c2a5725c9ce3721,2ccc60a2f7c8ac23,2026-08-12 09:45:30,unlock_success,android,8.2.1
e25fbc8769cc2f5b,1a2967c727ed308e,2026-08-12 10:12:33,card_lock_start,android,8.5.0
e25fbc8769cc2f5b,1a2967c727ed308e,2026-08-12 10:12:39,card_select,android,8.5.0
fbb7441678260de9,3074abe183b76f1a,2026-08-12 10:39:48,unlock_start,ios,8.5.0
44375e8f68958b34,25fb28fc73a83619,2026-08-12 11:33:37,unlock_start,ios,8.4.1
44375e8f68958b34,25fb28fc73a83619,2026-08-12 11:33:50,unlock_success,ios,8.4.1
d22b4a8ff2788485,267f87339268deac,2026-08-12 14:34:32,card_lock_start,android,8.5.0
d22b4a8ff2788485,267f87339268deac,2026-08-12 14:34:37,card_select,android,8.5.0
d22b4a8ff2788485,267f87339268deac,2026-08-12 14:34:46,lock_reason_select,android,8.5.0
d22b4a8ff2788485,267f87339268deac,2026-08-12 14:34:55,lock_confirm,android,8.5.0
d22b4a8ff2788485,267f87339268deac,2026-08-12 14:34:58,lock_success,android,8.5.0
d38a2429928e98ba,2864db7f74dbfd28,2026-08-12 15:25:21,card_lock_start,android,8.5.0
d38a2429928e98ba,2864db7f74dbfd28,2026-08-12 15:25:23,card_select,android,8.5.0
d38a2429928e98ba,2864db7f74dbfd28,2026-08-12 15:25:36,lock_reason_select,android,8.5.0
d38a2429928e98ba,2864db7f74dbfd28,2026-08-12 15:25:38,lock_confirm,android,8.5.0
d38a2429928e98ba,2864db7f74dbfd28,2026-08-12 15:25:40,lock_success,android,8.5.0
c1124d9971d9b7e8,22443cf058bd22ee,2026-08-12 15:55:51,unlock_start,ios,8.5.0
c1124d9971d9b7e8,22443cf058bd22ee,2026-08-12 15:56:03,unlock_success,ios,8.5.0
7a7fd31ea6d2f0f3,05eb62a917af302f,2026-08-12 18:10:53,card_lock_start,android,8.3.0
7a7fd31ea6d2f0f3,05eb62a917af302f,2026-08-12 18:11:05,card_select,android,8.3.0
7a7fd31ea6d2f0f3,05eb62a917af302f,2026-08-12 18:11:12,lock_reason_select,android,8.3.0
7a7fd31ea6d2f0f3,05eb62a917af302f,2026-08-12 18:11:18,lock_confirm,android,8.3.0
7a7fd31ea6d2f0f3,05eb62a917af302f,2026-08-12 18:11:20,lock_success,android,8.3.0
7a7fd31ea6d2f0f3,05eb62a917af302f,2026-08-12 18:16:10,unlock_start,android,8.3.0
7a7fd31ea6d2f0f3,05eb62a917af302f,2026-08-12 18:16:14,unlock_success,android,8.3.0
5a8ed6e7d229c05f,152988f1e77ba55b,2026-08-12 19:56:07,card_lock_start,android,8.5.0
5a8ed6e7d229c05f,152988f1e77ba55b,2026-08-12 19:56:11,card_select,android,8.5.0
5a8ed6e7d229c05f,152988f1e77ba55b,2026-08-12 19:56:25,lock_reason_select,android,8.5.0
5a8ed6e7d229c05f,152988f1e77ba55b,2026-08-12 19:56:29,lock_confirm,android,8.5.0
5a8ed6e7d229c05f,152988f1e77ba55b,2026-08-12 19:56:32,lock_success,android,8.5.0
524582dd1ec641be,216a9bc5229c295c,2026-08-12 21:17:49,unlock_start,android,8.3.0
524582dd1ec641be,216a9bc5229c295c,2026-08-12 21:18:04,unlock_success,android,8.3.0
0b06d5cb75b4fa66,1b418a75311a050f,2026-08-13 04:31:56,card_lock_start,android,8.4.0
0b06d5cb75b4fa66,1b418a75311a050f,2026-08-13 04:32:01,card_select,android,8.4.0
0b06d5cb75b4fa66,1b418a75311a050f,2026-08-13 04:32:07,lock_reason_select,android,8.4.0
0b06d5cb75b4fa66,1b418a75311a050f,2026-08-13 04:32:13,lock_confirm,android,8.4.0
0b06d5cb75b4fa66,1b418a75311a050f,2026-08-13 04:32:15,lock_success,android,8.4.0
0b06d5cb75b4fa66,1b418a75311a050f,2026-08-13 04:32:33,unlock_start,android,8.4.0
0b06d5cb75b4fa66,1b418a75311a050f,2026-08-13 04:32:40,unlock_success,android,8.4.0
541a5cebf5abaf6b,042c3d3253f931c9,2026-08-13 06:31:44,unlock_start,android,8.2.1
541a5cebf5abaf6b,042c3d3253f931c9,2026-08-13 06:31:55,unlock_success,android,8.2.1
c0cd12ea7c08b3cd,3f18f2220f43774b,2026-08-13 06:47:14,unlock_start,android,8.5.0
c0cd12ea7c08b3cd,3f18f2220f43774b,2026-08-13 06:47:17,unlock_success,android,8.5.0
9661fd561728cca5,216ae2011bc00636,2026-08-13 07:53:56,card_lock_start,android,8.3.0
9661fd561728cca5,216ae2011bc00636,2026-08-13 07:54:12,card_select,android,8.3.0
9661fd561728cca5,216ae2011bc00636,2026-08-13 07:54:24,lock_reason_select,android,8.3.0
9661fd561728cca5,216ae2011bc00636,2026-08-13 07:54:28,lock_confirm,android,8.3.0
9661fd561728cca5,216ae2011bc00636,2026-08-13 07:54:30,lock_success,android,8.3.0
9661fd561728cca5,216ae2011bc00636,2026-08-13 07:54:48,unlock_start,android,8.3.0
9661fd561728cca5,216ae2011bc00636,2026-08-13 07:54:58,unlock_success,android,8.3.0
bd998988a86f8c8c,2fec247dc8b2b457,2026-08-13 08:57:34,card_lock_start,android,8.2.1
bd998988a86f8c8c,2fec247dc8b2b457,2026-08-13 08:57:37,card_select,android,8.2.1
bd998988a86f8c8c,2fec247dc8b2b457,2026-08-13 08:57:46,lock_reason_select,android,8.2.1
bd998988a86f8c8c,2fec247dc8b2b457,2026-08-13 08:57:49,lock_confirm,android,8.2.1
bd998988a86f8c8c,2fec247dc8b2b457,2026-08-13 08:57:51,lock_success,android,8.2.1
bd998988a86f8c8c,2fec247dc8b2b457,2026-08-13 09:01:11,unlock_start,android,8.2.1
bd998988a86f8c8c,2fec247dc8b2b457,2026-08-13 09:01:16,unlock_success,android,8.2.1
b49638342a22768c,2a80683c8c04b84b,2026-08-13 10:00:58,unlock_start,android,8.2.1
b49638342a22768c,2a80683c8c04b84b,2026-08-13 10:01:02,unlock_success,android,8.2.1
b984351bdf9373ec,0b9966a6652dd703,2026-08-13 10:03:30,card_lock_start,android,8.3.0
b984351bdf9373ec,0b9966a6652dd703,2026-08-13 10:03:37,card_select,android,8.3.0
b984351bdf9373ec,0b9966a6652dd703,2026-08-13 10:03:48,lock_reason_select,android,8.3.0
b984351bdf9373ec,0b9966a6652dd703,2026-08-13 10:03:52,lock_confirm,android,8.3.0
b984351bdf9373ec,0b9966a6652dd703,2026-08-13 10:03:55,lock_success,android,8.3.0
c8c50a19f0678c3e,0be35c61f498a444,2026-08-13 10:54:45,card_lock_start,android,8.5.0
c8c50a19f0678c3e,0be35c61f498a444,2026-08-13 10:54:57,card_select,android,8.5.0
c8c50a19f0678c3e,0be35c61f498a444,2026-08-13 10:55:02,lock_reason_select,android,8.5.0
c8c50a19f0678c3e,0be35c61f498a444,2026-08-13 10:55:07,lock_confirm,android,8.5.0
c8c50a19f0678c3e,0be35c61f498a444,2026-08-13 10:55:10,lock_success,android,8.5.0
05384470cb6f8e41,03f4fe68e8fd6375,2026-08-13 11:16:23,unlock_start,android,8.3.0
05384470cb6f8e41,03f4fe68e8fd6375,2026-08-13 11:16:26,unlock_success,android,8.3.0
07ef270c014e1980,0706fe10dc103a39,2026-08-13 14:26:07,card_lock_start,ios,8.5.0
07ef270c014e1980,0706fe10dc103a39,2026-08-13 14:26:14,card_select,ios,8.5.0
07ef270c014e1980,0706fe10dc103a39,2026-08-13 14:26:24,lock_reason_select,ios,8.5.0
07ef270c014e1980,0706fe10dc103a39,2026-08-13 14:26:27,lock_confirm,ios,8.5.0
07ef270c014e1980,0706fe10dc103a39,2026-08-13 14:26:29,lock_success,ios,8.5.0
dd144fe1aed6e2f8,35cd448880f39334,2026-08-13 15:08:20,unlock_start,android,8.2.1
dd144fe1aed6e2f8,35cd448880f39334,2026-08-13 15:08:25,unlock_success,android,8.2.1
ea840375c84e46a9,28254802687ff0a2,2026-08-13 16:03:53,card_lock_start,android,8.5.0
067543bf8c4188b7,1c4647775dfef8de,2026-08-13 16:04:47,card_lock_start,ios,8.3.0
067543bf8c4188b7,1c4647775dfef8de,2026-08-13 16:04:58,card_select,ios,8.3.0
067543bf8c4188b7,1c4647775dfef8de,2026-08-13 16:05:03,lock_reason_select,ios,8.3.0
067543bf8c4188b7,1c4647775dfef8de,2026-08-13 16:05:11,lock_confirm,ios,8.3.0
067543bf8c4188b7,1c4647775dfef8de,2026-08-13 16:05:13,lock_success,ios,8.3.0
11b5ebc1fa7c24a0,0be3b1eabd82302a,2026-08-13 16:53:11,card_lock_start,android,8.5.0
11b5ebc1fa7c24a0,0be3b1eabd82302a,2026-08-13 16:53:14,card_select,android,8.5.0
11b5ebc1fa7c24a0,0be3b1eabd82302a,2026-08-13 16:53:17,lock_reason_select,android,8.5.0
11b5ebc1fa7c24a0,0be3b1eabd82302a,2026-08-13 16:53:20,lock_confirm,android,8.5.0
11b5ebc1fa7c24a0,0be3b1eabd82302a,2026-08-13 16:53:22,lock_success,android,8.5.0
11b5ebc1fa7c24a0,0be3b1eabd82302a,2026-08-13 16:58:07,unlock_start,android,8.5.0
11b5ebc1fa7c24a0,0be3b1eabd82302a,2026-08-13 16:58:19,unlock_success,android,8.5.0
9ab704c5ab25fecb,37836a28da3e3652,2026-08-13 18:18:21,card_lock_start,android,8.5.0
9ab704c5ab25fecb,37836a28da3e3652,2026-08-13 18:18:24,card_select,android,8.5.0
9ab704c5ab25fecb,37836a28da3e3652,2026-08-13 18:18:51,lock_reason_select,android,8.5.0
9ab704c5ab25fecb,37836a28da3e3652,2026-08-13 18:18:55,lock_confirm,android,8.5.0
9ab704c5ab25fecb,37836a28da3e3652,2026-08-13 18:18:56,lock_success,android,8.5.0
c4d5a842d3f31647,243dd9d3c8517c8e,2026-08-13 18:30:49,card_lock_start,ios,8.4.1
c4d5a842d3f31647,243dd9d3c8517c8e,2026-08-13 18:30:52,card_select,ios,8.4.1
c4d5a842d3f31647,243dd9d3c8517c8e,2026-08-13 18:31:05,lock_reason_select,ios,8.4.1
c4d5a842d3f31647,243dd9d3c8517c8e,2026-08-13 18:31:09,lock_confirm,ios,8.4.1
c4d5a842d3f31647,243dd9d3c8517c8e,2026-08-13 18:31:11,lock_success,ios,8.4.1
c4d5a842d3f31647,243dd9d3c8517c8e,2026-08-13 18:33:34,unlock_start,ios,8.4.1
c4d5a842d3f31647,243dd9d3c8517c8e,2026-08-13 18:33:41,unlock_success,ios,8.4.1
105620bc05eefffb,1cc742ab67a44c6e,2026-08-14 10:54:44,card_lock_start,ios,8.3.0
6a4dfac075df06ee,103a584e0cb41275,2026-08-14 10:57:34,unlock_start,ios,8.5.0
6a4dfac075df06ee,103a584e0cb41275,2026-08-14 10:57:42,unlock_success,ios,8.5.0
b2e5f8adec46869d,10860cb23638064e,2026-08-14 12:05:25,card_lock_start,ios,8.4.1
dced4c76d12edaa1,317fce44b9ad977b,2026-08-14 12:49:32,unlock_start,ios,8.4.1
dced4c76d12edaa1,317fce44b9ad977b,2026-08-14 12:49:37,unlock_success,ios,8.4.1
e1895d064bb6ba68,17f46e7df13931c8,2026-08-14 14:31:59,card_lock_start,android,8.5.0
e1895d064bb6ba68,17f46e7df13931c8,2026-08-14 14:32:08,card_select,android,8.5.0
e1895d064bb6ba68,17f46e7df13931c8,2026-08-14 14:32:15,lock_reason_select,android,8.5.0
e1895d064bb6ba68,17f46e7df13931c8,2026-08-14 14:32:22,lock_confirm,android,8.5.0
e1895d064bb6ba68,17f46e7df13931c8,2026-08-14 14:32:24,lock_success,android,8.5.0
9a2e77c534c29684,348e45ca1453577b,2026-08-14 16:54:05,card_lock_start,ios,8.4.1
9a2e77c534c29684,348e45ca1453577b,2026-08-14 16:54:12,card_select,ios,8.4.1
9a2e77c534c29684,348e45ca1453577b,2026-08-14 16:54:26,lock_reason_select,ios,8.4.1
9a2e77c534c29684,348e45ca1453577b,2026-08-14 16:54:30,lock_confirm,ios,8.4.1
9a2e77c534c29684,348e45ca1453577b,2026-08-14 16:54:33,lock_success,ios,8.4.1
85fae7342983b899,2715513a86713660,2026-08-14 17:10:54,card_lock_start,android,8.5.0
85fae7342983b899,2715513a86713660,2026-08-14 17:11:01,card_select,android,8.5.0
85fae7342983b899,2715513a86713660,2026-08-14 17:11:13,lock_reason_select,android,8.5.0
85fae7342983b899,2715513a86713660,2026-08-14 17:11:22,lock_confirm,android,8.5.0
85fae7342983b899,2715513a86713660,2026-08-14 17:11:24,lock_success,android,8.5.0
761cd48bf5f2315e,26a72351ba220429,2026-08-14 17:47:25,card_lock_start,android,8.3.0
761cd48bf5f2315e,26a72351ba220429,2026-08-14 17:47:32,card_select,android,8.3.0
761cd48bf5f2315e,26a72351ba220429,2026-08-14 17:47:42,lock_reason_select,android,8.3.0
761cd48bf5f2315e,26a72351ba220429,2026-08-14 17:47:44,lock_confirm,android,8.3.0
761cd48bf5f2315e,26a72351ba220429,2026-08-14 17:47:46,lock_error,android,8.3.0
c06fdb1fcb17cadd,19401838c5c0457d,2026-08-14 18:32:39,card_lock_start,android,8.3.0
c06fdb1fcb17cadd,19401838c5c0457d,2026-08-14 18:32:47,card_select,android,8.3.0
c06fdb1fcb17cadd,19401838c5c0457d,2026-08-14 18:33:03,lock_reason_select,android,8.3.0
c06fdb1fcb17cadd,19401838c5c0457d,2026-08-14 18:33:08,lock_confirm,android,8.3.0
c06fdb1fcb17cadd,19401838c5c0457d,2026-08-14 18:33:10,lock_error,android,8.3.0
a4d004ba96a8b1ae,1c8d2d968e1b0314,2026-08-14 18:51:00,card_lock_start,ios,8.4.1
a4d004ba96a8b1ae,1c8d2d968e1b0314,2026-08-14 18:51:04,card_select,ios,8.4.1
7611f78d5a079924,05a51cd02f4dcec2,2026-08-14 18:51:29,card_lock_start,ios,8.5.0
11db7466f5bb86db,2a328d198fdad4ff,2026-08-15 01:54:57,unlock_start,ios,8.4.1
11db7466f5bb86db,2a328d198fdad4ff,2026-08-15 01:55:02,unlock_success,ios,8.4.1
fb5126a5440fa260,329cbe6d2c79e9df,2026-08-15 09:48:15,card_lock_start,ios,8.4.1
fb5126a5440fa260,329cbe6d2c79e9df,2026-08-15 09:48:20,card_select,ios,8.4.1
fb5126a5440fa260,329cbe6d2c79e9df,2026-08-15 09:48:57,lock_reason_select,ios,8.4.1
fb5126a5440fa260,329cbe6d2c79e9df,2026-08-15 09:49:02,lock_confirm,ios,8.4.1
fb5126a5440fa260,329cbe6d2c79e9df,2026-08-15 09:49:04,lock_success,ios,8.4.1
5360d10ced6c4006,3dee934ce5553851,2026-08-15 10:08:46,card_lock_start,android,8.5.0
5360d10ced6c4006,3dee934ce5553851,2026-08-15 10:08:51,card_select,android,8.5.0
5360d10ced6c4006,3dee934ce5553851,2026-08-15 10:08:59,lock_reason_select,android,8.5.0
5360d10ced6c4006,3dee934ce5553851,2026-08-15 10:09:02,lock_confirm,android,8.5.0
5360d10ced6c4006,3dee934ce5553851,2026-08-15 10:09:04,lock_success,android,8.5.0
5360d10ced6c4006,3dee934ce5553851,2026-08-15 10:14:59,unlock_start,android,8.5.0
5360d10ced6c4006,3dee934ce5553851,2026-08-15 10:15:03,unlock_success,android,8.5.0
b0f2bdceeffaba40,36303f1140c38828,2026-08-15 13:25:06,card_lock_start,android,8.3.0
b0f2bdceeffaba40,36303f1140c38828,2026-08-15 13:25:09,card_select,android,8.3.0
b0f2bdceeffaba40,36303f1140c38828,2026-08-15 13:25:23,lock_reason_select,android,8.3.0
b0f2bdceeffaba40,36303f1140c38828,2026-08-15 13:25:28,lock_confirm,android,8.3.0
b0f2bdceeffaba40,36303f1140c38828,2026-08-15 13:25:29,lock_success,android,8.3.0
2ce5cf277c800951,0f28023b15103306,2026-08-15 16:10:59,card_lock_start,ios,8.3.0
2ce5cf277c800951,0f28023b15103306,2026-08-15 16:11:05,card_select,ios,8.3.0
2ce5cf277c800951,0f28023b15103306,2026-08-15 16:12:00,lock_reason_select,ios,8.3.0
2ce5cf277c800951,0f28023b15103306,2026-08-15 16:12:06,lock_confirm,ios,8.3.0
2ce5cf277c800951,0f28023b15103306,2026-08-15 16:12:08,lock_success,ios,8.3.0
f0fa2688b34e4473,0160d84547580795,2026-08-15 17:16:48,card_lock_start,ios,8.5.0
f0fa2688b34e4473,0160d84547580795,2026-08-15 17:17:03,card_select,ios,8.5.0
f0fa2688b34e4473,0160d84547580795,2026-08-15 17:17:11,lock_reason_select,ios,8.5.0
f0fa2688b34e4473,0160d84547580795,2026-08-15 17:17:17,lock_confirm,ios,8.5.0
f0fa2688b34e4473,0160d84547580795,2026-08-15 17:17:20,lock_success,ios,8.5.0
eacd8eb677201464,3b221c16d387490b,2026-08-15 17:22:01,card_lock_start,android,8.2.1
eacd8eb677201464,3b221c16d387490b,2026-08-15 17:22:04,card_select,android,8.2.1
eacd8eb677201464,3b221c16d387490b,2026-08-15 17:22:37,lock_reason_select,android,8.2.1
eacd8eb677201464,3b221c16d387490b,2026-08-15 17:22:42,lock_confirm,android,8.2.1
eacd8eb677201464,3b221c16d387490b,2026-08-15 17:22:43,lock_success,android,8.2.1
6e7f103ad289f452,0f11676a9fe46986,2026-08-15 17:32:24,card_lock_start,android,8.5.0
6e7f103ad289f452,0f11676a9fe46986,2026-08-15 17:32:28,card_select,android,8.5.0
6e7f103ad289f452,0f11676a9fe46986,2026-08-15 17:32:40,lock_reason_select,android,8.5.0
6e7f103ad289f452,0f11676a9fe46986,2026-08-15 17:32:45,lock_confirm,android,8.5.0
6e7f103ad289f452,0f11676a9fe46986,2026-08-15 17:32:47,lock_success,android,8.5.0
6e7f103ad289f452,0f11676a9fe46986,2026-08-15 17:35:43,unlock_start,android,8.5.0
6e7f103ad289f452,0f11676a9fe46986,2026-08-15 17:35:53,unlock_success,android,8.5.0
6b6761c1fc341399,0f35402cd983ceeb,2026-08-15 18:12:07,card_lock_start,ios,8.5.0
6b6761c1fc341399,0f35402cd983ceeb,2026-08-15 18:12:11,card_select,ios,8.5.0
6b6761c1fc341399,0f35402cd983ceeb,2026-08-15 18:12:23,lock_reason_select,ios,8.5.0
6b6761c1fc341399,0f35402cd983ceeb,2026-08-15 18:12:27,lock_confirm,ios,8.5.0
6b6761c1fc341399,0f35402cd983ceeb,2026-08-15 18:12:29,lock_success,ios,8.5.0
a7ad76051a09f941,17baaf61a85dbd47,2026-08-15 18:36:03,card_lock_start,ios,8.3.0
a7ad76051a09f941,17baaf61a85dbd47,2026-08-15 18:36:07,card_select,ios,8.3.0
a7ad76051a09f941,17baaf61a85dbd47,2026-08-15 18:36:30,lock_reason_select,ios,8.3.0
a7ad76051a09f941,17baaf61a85dbd47,2026-08-15 18:36:39,lock_confirm,ios,8.3.0
a7ad76051a09f941,17baaf61a85dbd47,2026-08-15 18:36:40,lock_success,ios,8.3.0
fc35d15615116996,2d35a2fa137e4ea5,2026-08-15 18:44:59,card_lock_start,android,8.3.0
fc35d15615116996,2d35a2fa137e4ea5,2026-08-15 18:45:05,card_select,android,8.3.0
fc35d15615116996,2d35a2fa137e4ea5,2026-08-15 18:45:24,lock_reason_select,android,8.3.0
fc35d15615116996,2d35a2fa137e4ea5,2026-08-15 18:45:28,lock_confirm,android,8.3.0
fc35d15615116996,2d35a2fa137e4ea5,2026-08-15 18:45:30,lock_success,android,8.3.0
fc35d15615116996,2d35a2fa137e4ea5,2026-08-15 18:47:54,unlock_start,android,8.3.0
84f482383e24e070,3d1b0c5c1814ada5,2026-08-15 19:22:51,card_lock_start,android,8.3.0
84f482383e24e070,3d1b0c5c1814ada5,2026-08-15 19:22:54,card_select,android,8.3.0
84f482383e24e070,3d1b0c5c1814ada5,2026-08-15 19:23:05,lock_reason_select,android,8.3.0
84f482383e24e070,3d1b0c5c1814ada5,2026-08-15 19:23:15,lock_confirm,android,8.3.0
84f482383e24e070,3d1b0c5c1814ada5,2026-08-15 19:23:17,lock_success,android,8.3.0
ef51b79c5c28673d,0d23bd2ab733dd8c,2026-08-15 19:38:14,card_lock_start,ios,8.4.1
ef51b79c5c28673d,0d23bd2ab733dd8c,2026-08-15 19:38:21,card_select,ios,8.4.1
ef51b79c5c28673d,0d23bd2ab733dd8c,2026-08-15 19:38:33,lock_reason_select,ios,8.4.1
ef51b79c5c28673d,0d23bd2ab733dd8c,2026-08-15 19:38:37,lock_confirm,ios,8.4.1
ef51b79c5c28673d,0d23bd2ab733dd8c,2026-08-15 19:38:38,lock_success,ios,8.4.1
9a63ca3830158fbc,0613ff40405c43e7,2026-08-15 19:43:09,card_lock_start,android,8.2.1
9a63ca3830158fbc,0613ff40405c43e7,2026-08-15 19:43:14,card_select,android,8.2.1
9a63ca3830158fbc,0613ff40405c43e7,2026-08-15 19:43:27,lock_reason_select,android,8.2.1
9a63ca3830158fbc,0613ff40405c43e7,2026-08-15 19:43:29,lock_confirm,android,8.2.1
9a63ca3830158fbc,0613ff40405c43e7,2026-08-15 19:43:31,lock_error,android,8.2.1
a508553b40778feb,3d519a42a8bee26b,2026-08-15 20:47:13,unlock_start,android,8.3.0
a508553b40778feb,3d519a42a8bee26b,2026-08-15 20:47:16,unlock_success,android,8.3.0
19de3ef003c4e185,00ae5eb806ebdb11,2026-08-15 21:33:37,unlock_start,ios,8.4.1
19de3ef003c4e185,00ae5eb806ebdb11,2026-08-15 21:33:49,unlock_success,ios,8.4.1
fd98dc5c1faf2a7a,238e121194658da9,2026-08-16 04:51:27,card_lock_start,android,8.3.0
fd98dc5c1faf2a7a,238e121194658da9,2026-08-16 04:51:31,card_select,android,8.3.0
fd98dc5c1faf2a7a,238e121194658da9,2026-08-16 04:51:38,lock_reason_select,android,8.3.0
6adafe8243582cb5,0e9d6a1173384020,2026-08-16 06:23:57,card_lock_start,android,8.5.0
6adafe8243582cb5,0e9d6a1173384020,2026-08-16 06:24:13,card_select,android,8.5.0
6adafe8243582cb5,0e9d6a1173384020,2026-08-16 06:24:33,lock_reason_select,android,8.5.0
6adafe8243582cb5,0e9d6a1173384020,2026-08-16 06:24:37,lock_confirm,android,8.5.0
6adafe8243582cb5,0e9d6a1173384020,2026-08-16 06:24:38,lock_success,android,8.5.0
980442ef270055e4,3cf466956fa3986d,2026-08-16 06:25:50,card_lock_start,ios,8.5.0
980442ef270055e4,3cf466956fa3986d,2026-08-16 06:25:57,card_select,ios,8.5.0
980442ef270055e4,3cf466956fa3986d,2026-08-16 06:26:03,lock_reason_select,ios,8.5.0
980442ef270055e4,3cf466956fa3986d,2026-08-16 06:26:12,lock_confirm,ios,8.5.0
980442ef270055e4,3cf466956fa3986d,2026-08-16 06:26:15,lock_success,ios,8.5.0
70ee3d3ea755beb1,2cbf1e4b0d825374,2026-08-16 08:26:23,card_lock_start,ios,8.5.0
70ee3d3ea755beb1,2cbf1e4b0d825374,2026-08-16 08:26:30,card_select,ios,8.5.0
70ee3d3ea755beb1,2cbf1e4b0d825374,2026-08-16 08:27:17,lock_reason_select,ios,8.5.0
70ee3d3ea755beb1,2cbf1e4b0d825374,2026-08-16 08:27:24,lock_confirm,ios,8.5.0
70ee3d3ea755beb1,2cbf1e4b0d825374,2026-08-16 08:27:27,lock_success,ios,8.5.0
513d7418b15387c0,368b335010e9c262,2026-08-16 08:49:53,card_lock_start,android,8.4.0
513d7418b15387c0,368b335010e9c262,2026-08-16 08:49:56,card_select,android,8.4.0
513d7418b15387c0,368b335010e9c262,2026-08-16 08:50:19,lock_reason_select,android,8.4.0
513d7418b15387c0,368b335010e9c262,2026-08-16 08:50:35,lock_confirm,android,8.4.0
513d7418b15387c0,368b335010e9c262,2026-08-16 08:50:38,lock_success,android,8.4.0
f3c6e9effee55c1f,1aebbccd8a4bac2f,2026-08-16 09:09:00,card_lock_start,android,8.5.0
f3c6e9effee55c1f,1aebbccd8a4bac2f,2026-08-16 09:09:04,card_select,android,8.5.0
f3c6e9effee55c1f,1aebbccd8a4bac2f,2026-08-16 09:09:15,lock_reason_select,android,8.5.0
f3c6e9effee55c1f,1aebbccd8a4bac2f,2026-08-16 09:09:18,lock_confirm,android,8.5.0
f3c6e9effee55c1f,1aebbccd8a4bac2f,2026-08-16 09:09:21,lock_success,android,8.5.0
f3c6e9effee55c1f,1aebbccd8a4bac2f,2026-08-16 09:11:42,unlock_start,android,8.5.0
f3c6e9effee55c1f,1aebbccd8a4bac2f,2026-08-16 09:11:49,unlock_success,android,8.5.0
890d6c534d6aa957,185227264fb5bb72,2026-08-16 12:01:29,card_lock_start,android,8.3.0
890d6c534d6aa957,185227264fb5bb72,2026-08-16 12:01:43,card_select,android,8.3.0
890d6c534d6aa957,185227264fb5bb72,2026-08-16 12:02:00,lock_reason_select,android,8.3.0
890d6c534d6aa957,185227264fb5bb72,2026-08-16 12:02:03,lock_confirm,android,8.3.0
890d6c534d6aa957,185227264fb5bb72,2026-08-16 12:02:06,lock_success,android,8.3.0
7f14d7bed3a65bd7,27105d84f3b95ecd,2026-08-16 12:04:41,unlock_start,android,8.5.0
7f14d7bed3a65bd7,27105d84f3b95ecd,2026-08-16 12:04:53,unlock_success,android,8.5.0
11b5ebc1fa7c24a0,1f442ad041d6ad15,2026-08-16 12:18:23,card_lock_start,android,8.5.0
11b5ebc1fa7c24a0,1f442ad041d6ad15,2026-08-16 12:18:28,card_select,android,8.5.0
11b5ebc1fa7c24a0,1f442ad041d6ad15,2026-08-16 12:18:36,lock_reason_select,android,8.5.0
11b5ebc1fa7c24a0,1f442ad041d6ad15,2026-08-16 12:18:39,lock_confirm,android,8.5.0
11b5ebc1fa7c24a0,1f442ad041d6ad15,2026-08-16 12:18:40,lock_success,android,8.5.0
4130a912f2bf7588,3e5bc263a1800585,2026-08-16 12:21:50,card_lock_start,ios,8.5.0
4130a912f2bf7588,3e5bc263a1800585,2026-08-16 12:21:52,card_select,ios,8.5.0
4130a912f2bf7588,3e5bc263a1800585,2026-08-16 12:22:07,lock_reason_select,ios,8.5.0
4130a912f2bf7588,3e5bc263a1800585,2026-08-16 12:22:10,lock_confirm,ios,8.5.0
4130a912f2bf7588,3e5bc263a1800585,2026-08-16 12:22:13,lock_success,ios,8.5.0
a56121c57d4faaad,1ac1fd0b589ecbf3,2026-08-16 13:27:01,card_lock_start,ios,8.4.1
a56121c57d4faaad,1ac1fd0b589ecbf3,2026-08-16 13:27:02,card_select,ios,8.4.1
a56121c57d4faaad,1ac1fd0b589ecbf3,2026-08-16 13:28:01,lock_reason_select,ios,8.4.1
a56121c57d4faaad,1ac1fd0b589ecbf3,2026-08-16 13:28:13,lock_confirm,ios,8.4.1
a56121c57d4faaad,1ac1fd0b589ecbf3,2026-08-16 13:28:15,lock_success,ios,8.4.1
d8b3ec315d4fa3be,07f75f1754ec9940,2026-08-16 14:33:07,card_lock_start,android,8.2.1
d8b3ec315d4fa3be,07f75f1754ec9940,2026-08-16 14:33:12,card_select,android,8.2.1
188a83a99124ab39,15d5bbe760dd7f1f,2026-08-16 15:28:57,card_lock_start,android,8.5.0
188a83a99124ab39,15d5bbe760dd7f1f,2026-08-16 15:29:01,card_select,android,8.5.0
188a83a99124ab39,15d5bbe760dd7f1f,2026-08-16 15:29:22,lock_reason_select,android,8.5.0
188a83a99124ab39,15d5bbe760dd7f1f,2026-08-16 15:29:27,lock_confirm,android,8.5.0
188a83a99124ab39,15d5bbe760dd7f1f,2026-08-16 15:29:28,lock_success,android,8.5.0
097047c0cf89f385,198c99d61aec58dd,2026-08-16 17:01:47,unlock_start,ios,8.3.0
097047c0cf89f385,198c99d61aec58dd,2026-08-16 17:01:50,unlock_success,ios,8.3.0
8aa01817ec30d0b8,3f33f01903ca5190,2026-08-16 17:02:23,card_lock_start,android,8.3.0
8aa01817ec30d0b8,3f33f01903ca5190,2026-08-16 17:02:30,card_select,android,8.3.0
8aa01817ec30d0b8,3f33f01903ca5190,2026-08-16 17:02:47,lock_reason_select,android,8.3.0
8aa01817ec30d0b8,3f33f01903ca5190,2026-08-16 17:02:52,lock_confirm,android,8.3.0
8aa01817ec30d0b8,3f33f01903ca5190,2026-08-16 17:02:54,lock_success,android,8.3.0
72ddec8040f7a97a,1fc5eabfff931923,2026-08-16 18:00:48,card_lock_start,ios,8.4.1
72ddec8040f7a97a,1fc5eabfff931923,2026-08-16 18:00:57,card_select,ios,8.4.1
72ddec8040f7a97a,1fc5eabfff931923,2026-08-16 18:01:11,lock_reason_select,ios,8.4.1
72ddec8040f7a97a,1fc5eabfff931923,2026-08-16 18:01:17,lock_confirm,ios,8.4.1
72ddec8040f7a97a,1fc5eabfff931923,2026-08-16 18:01:20,lock_success,ios,8.4.1
03df5e8bb6aad804,1a1e24c6d8d7b8b9,2026-08-16 18:12:06,card_lock_start,ios,8.4.1
03df5e8bb6aad804,1a1e24c6d8d7b8b9,2026-08-16 18:12:08,card_select,ios,8.4.1
03df5e8bb6aad804,1a1e24c6d8d7b8b9,2026-08-16 18:12:17,lock_reason_select,ios,8.4.1
03df5e8bb6aad804,1a1e24c6d8d7b8b9,2026-08-16 18:12:26,lock_confirm,ios,8.4.1
03df5e8bb6aad804,1a1e24c6d8d7b8b9,2026-08-16 18:12:28,lock_success,ios,8.4.1
e76abf54d25a4119,2c0e43977859eb84,2026-08-16 18:19:37,card_lock_start,android,8.5.0
e76abf54d25a4119,2c0e43977859eb84,2026-08-16 18:19:42,card_select,android,8.5.0
e76abf54d25a4119,2c0e43977859eb84,2026-08-16 18:19:51,lock_reason_select,android,8.5.0
e76abf54d25a4119,2c0e43977859eb84,2026-08-16 18:19:56,lock_confirm,android,8.5.0
e76abf54d25a4119,2c0e43977859eb84,2026-08-16 18:19:58,lock_success,android,8.5.0
491bbb66f6ecdd6f,3e02a9de10c743fa,2026-08-16 18:21:56,card_lock_start,android,8.5.0
491bbb66f6ecdd6f,3e02a9de10c743fa,2026-08-16 18:22:04,card_select,android,8.5.0
1ff69d2e8e9bf6f5,12ff39941dadcd16,2026-08-16 22:33:09,unlock_start,ios,8.5.0
c75bb2b038b95604,287dfa2c47722669,2026-08-16 22:35:59,unlock_start,ios,8.4.1
c75bb2b038b95604,287dfa2c47722669,2026-08-16 22:36:03,unlock_success,ios,8.4.1
188a83a99124ab39,0d9c09081d9c55dd,2026-08-17 02:03:51,unlock_start,android,8.5.0
188a83a99124ab39,0d9c09081d9c55dd,2026-08-17 02:04:05,unlock_success,android,8.5.0
4b611af7c187b41e,125154e8e3639477,2026-08-17 06:55:41,unlock_start,android,8.4.0
4b611af7c187b41e,125154e8e3639477,2026-08-17 06:55:47,unlock_success,android,8.4.0
692375ec93c35b59,11166d7de4afa2aa,2026-08-17 07:10:34,card_lock_start,android,8.4.0
692375ec93c35b59,11166d7de4afa2aa,2026-08-17 07:10:38,card_select,android,8.4.0
692375ec93c35b59,11166d7de4afa2aa,2026-08-17 07:10:42,lock_reason_select,android,8.4.0
02c1514577025ff5,1246837feb85dc79,2026-08-17 07:49:56,card_lock_start,ios,8.4.1
02c1514577025ff5,1246837feb85dc79,2026-08-17 07:50:01,card_select,ios,8.4.1
4ca9a8bfe5369aee,112cd152a835663e,2026-08-17 08:50:26,card_lock_start,android,8.5.0
4ca9a8bfe5369aee,112cd152a835663e,2026-08-17 08:50:31,card_select,android,8.5.0
a8eda68df3179974,1e35cff665ede03f,2026-08-17 08:50:51,card_lock_start,android,8.2.1
a8eda68df3179974,1e35cff665ede03f,2026-08-17 08:50:56,card_select,android,8.2.1
4ca9a8bfe5369aee,112cd152a835663e,2026-08-17 08:51:10,lock_reason_select,android,8.5.0
4ca9a8bfe5369aee,112cd152a835663e,2026-08-17 08:51:15,lock_confirm,android,8.5.0
4ca9a8bfe5369aee,112cd152a835663e,2026-08-17 08:51:16,lock_success,android,8.5.0
a8eda68df3179974,1e35cff665ede03f,2026-08-17 08:51:16,lock_reason_select,android,8.2.1
a8eda68df3179974,1e35cff665ede03f,2026-08-17 08:51:23,lock_confirm,android,8.2.1
a8eda68df3179974,1e35cff665ede03f,2026-08-17 08:51:24,lock_success,android,8.2.1
a8eda68df3179974,1e35cff665ede03f,2026-08-17 08:52:29,unlock_start,android,8.2.1
a8eda68df3179974,1e35cff665ede03f,2026-08-17 08:52:34,unlock_success,android,8.2.1
b91cd3454da02237,0f48685eb75ae409,2026-08-17 09:18:34,card_lock_start,ios,8.5.0
b91cd3454da02237,0f48685eb75ae409,2026-08-17 09:18:38,card_select,ios,8.5.0
b91cd3454da02237,0f48685eb75ae409,2026-08-17 09:18:54,lock_reason_select,ios,8.5.0
fd6f94cc16f91b3f,36169b56d656f87d,2026-08-17 09:43:00,card_lock_start,ios,8.3.0
fd6f94cc16f91b3f,36169b56d656f87d,2026-08-17 09:43:13,card_select,ios,8.3.0
b39b4b85e9473338,3705680d22e25eac,2026-08-17 11:37:50,unlock_start,ios,8.4.1
b39b4b85e9473338,3705680d22e25eac,2026-08-17 11:38:03,unlock_success,ios,8.4.1
5190c3ae692d6f70,293cdc0c0d5d7391,2026-08-17 12:14:11,unlock_start,android,8.5.0
5190c3ae692d6f70,293cdc0c0d5d7391,2026-08-17 12:14:21,unlock_success,android,8.5.0
f00ff06cd709aaff,3171b54befe53eba,2026-08-17 12:32:00,card_lock_start,android,8.2.1
f00ff06cd709aaff,3171b54befe53eba,2026-08-17 12:32:03,card_select,android,8.2.1
f00ff06cd709aaff,3171b54befe53eba,2026-08-17 12:32:31,lock_reason_select,android,8.2.1
f00ff06cd709aaff,3171b54befe53eba,2026-08-17 12:32:36,lock_confirm,android,8.2.1
f00ff06cd709aaff,3171b54befe53eba,2026-08-17 12:32:39,lock_success,android,8.2.1
f00ff06cd709aaff,3171b54befe53eba,2026-08-17 12:37:25,unlock_start,android,8.2.1
f00ff06cd709aaff,3171b54befe53eba,2026-08-17 12:37:40,unlock_success,android,8.2.1
1979a5d656444906,037be3329284def1,2026-08-17 13:03:01,card_lock_start,android,8.4.0
1979a5d656444906,037be3329284def1,2026-08-17 13:03:10,card_select,android,8.4.0
1979a5d656444906,037be3329284def1,2026-08-17 13:03:25,lock_reason_select,android,8.4.0
d01f7064b2511231,082596f72f79b3d4,2026-08-17 14:00:25,card_lock_start,android,8.2.1
d01f7064b2511231,082596f72f79b3d4,2026-08-17 14:00:36,card_select,android,8.2.1
d01f7064b2511231,082596f72f79b3d4,2026-08-17 14:00:52,lock_reason_select,android,8.2.1
d01f7064b2511231,082596f72f79b3d4,2026-08-17 14:01:01,lock_confirm,android,8.2.1
d01f7064b2511231,082596f72f79b3d4,2026-08-17 14:01:04,lock_success,android,8.2.1
8c5532fc7c985e35,16b8a5191547cb93,2026-08-17 17:25:01,card_lock_start,ios,8.5.0
8c5532fc7c985e35,16b8a5191547cb93,2026-08-17 17:25:03,card_select,ios,8.5.0
8c5532fc7c985e35,16b8a5191547cb93,2026-08-17 17:25:17,lock_reason_select,ios,8.5.0
8c5532fc7c985e35,16b8a5191547cb93,2026-08-17 17:25:21,lock_confirm,ios,8.5.0
8c5532fc7c985e35,16b8a5191547cb93,2026-08-17 17:25:23,lock_success,ios,8.5.0
ec007fdf6baccfa6,101f2f1a97ea177b,2026-08-17 17:47:33,unlock_start,android,8.5.0
ec007fdf6baccfa6,101f2f1a97ea177b,2026-08-17 17:47:36,unlock_success,android,8.5.0
6ace25c6254f2d06,38842ba12de12fc7,2026-08-17 19:50:33,card_lock_start,android,8.2.1
6ace25c6254f2d06,38842ba12de12fc7,2026-08-17 19:50:41,card_select,android,8.2.1
6ace25c6254f2d06,38842ba12de12fc7,2026-08-17 19:50:50,lock_reason_select,android,8.2.1
6ace25c6254f2d06,38842ba12de12fc7,2026-08-17 19:50:53,lock_confirm,android,8.2.1
6ace25c6254f2d06,38842ba12de12fc7,2026-08-17 19:50:54,lock_success,android,8.2.1
8489dc0ae337c10a,28d27f75803dd4fa,2026-08-17 19:58:32,card_lock_start,ios,8.3.0
8489dc0ae337c10a,28d27f75803dd4fa,2026-08-17 19:58:34,card_select,ios,8.3.0
8aa01817ec30d0b8,3b6926a80a3de709,2026-08-17 20:09:11,unlock_start,android,8.3.0
8aa01817ec30d0b8,3b6926a80a3de709,2026-08-17 20:09:24,unlock_success,android,8.3.0
1c5c636af48a034b,00e96a77c3118124,2026-08-17 21:21:04,unlock_start,android,8.3.0
1c5c636af48a034b,00e96a77c3118124,2026-08-17 21:21:18,unlock_success,android,8.3.0
1f6256249ee108e3,32997b0dfb9f4828,2026-08-17 21:25:19,card_lock_start,ios,8.5.0
1f6256249ee108e3,32997b0dfb9f4828,2026-08-17 21:25:25,card_select,ios,8.5.0
1f6256249ee108e3,32997b0dfb9f4828,2026-08-17 21:25:32,lock_reason_select,ios,8.5.0
1f6256249ee108e3,32997b0dfb9f4828,2026-08-17 21:25:42,lock_confirm,ios,8.5.0
1f6256249ee108e3,32997b0dfb9f4828,2026-08-17 21:25:43,lock_success,ios,8.5.0
92484d7a0b9c7dcc,34d035daa17f2da1,2026-08-17 22:51:37,card_lock_start,ios,8.5.0
92484d7a0b9c7dcc,34d035daa17f2da1,2026-08-17 22:51:41,card_select,ios,8.5.0
92484d7a0b9c7dcc,34d035daa17f2da1,2026-08-17 22:51:52,lock_reason_select,ios,8.5.0
92484d7a0b9c7dcc,34d035daa17f2da1,2026-08-17 22:51:59,lock_confirm,ios,8.5.0
92484d7a0b9c7dcc,34d035daa17f2da1,2026-08-17 22:52:01,lock_success,ios,8.5.0
289a13407ded946d,33c6725b9ca5d07d,2026-08-17 22:59:05,card_lock_start,android,8.5.0
289a13407ded946d,33c6725b9ca5d07d,2026-08-17 22:59:08,card_select,android,8.5.0
289a13407ded946d,33c6725b9ca5d07d,2026-08-17 22:59:25,lock_reason_select,android,8.5.0
289a13407ded946d,33c6725b9ca5d07d,2026-08-17 22:59:30,lock_confirm,android,8.5.0
289a13407ded946d,33c6725b9ca5d07d,2026-08-17 22:59:31,lock_success,android,8.5.0
289a13407ded946d,33c6725b9ca5d07d,2026-08-17 23:00:38,unlock_start,android,8.5.0
289a13407ded946d,33c6725b9ca5d07d,2026-08-17 23:00:49,unlock_success,android,8.5.0
841413e36b582427,13d2a811e449dd86,2026-08-18 04:52:19,card_lock_start,ios,8.5.0
841413e36b582427,13d2a811e449dd86,2026-08-18 04:52:25,card_select,ios,8.5.0
841413e36b582427,13d2a811e449dd86,2026-08-18 04:52:30,lock_reason_select,ios,8.5.0
841413e36b582427,13d2a811e449dd86,2026-08-18 04:52:39,lock_confirm,ios,8.5.0
841413e36b582427,13d2a811e449dd86,2026-08-18 04:52:41,lock_success,ios,8.5.0
2ce5cf277c800951,2845a8c8e6ad9dfc,2026-08-18 07:04:15,unlock_start,ios,8.3.0
2ce5cf277c800951,2845a8c8e6ad9dfc,2026-08-18 07:04:20,unlock_success,ios,8.3.0
e03274f1029f4d4e,33a380e6349e9312,2026-08-18 07:58:55,card_lock_start,ios,8.5.0
e03274f1029f4d4e,33a380e6349e9312,2026-08-18 07:59:02,card_select,ios,8.5.0
e03274f1029f4d4e,33a380e6349e9312,2026-08-18 07:59:21,lock_reason_select,ios,8.5.0
e03274f1029f4d4e,33a380e6349e9312,2026-08-18 07:59:30,lock_confirm,ios,8.5.0
e03274f1029f4d4e,33a380e6349e9312,2026-08-18 07:59:32,lock_success,ios,8.5.0
7f37807ee9fdeea2,26e3a0ca0f4e402f,2026-08-18 09:27:49,card_lock_start,android,8.5.0
7f37807ee9fdeea2,26e3a0ca0f4e402f,2026-08-18 09:27:56,card_select,android,8.5.0
7f37807ee9fdeea2,26e3a0ca0f4e402f,2026-08-18 09:28:04,lock_reason_select,android,8.5.0
7f37807ee9fdeea2,26e3a0ca0f4e402f,2026-08-18 09:28:07,lock_confirm,android,8.5.0
7f37807ee9fdeea2,26e3a0ca0f4e402f,2026-08-18 09:28:09,lock_success,android,8.5.0
5fd7d4f5ec164f0f,07f264f6b7864169,2026-08-18 09:53:11,card_lock_start,ios,8.4.1
5fd7d4f5ec164f0f,07f264f6b7864169,2026-08-18 09:53:24,card_select,ios,8.4.1
5fd7d4f5ec164f0f,07f264f6b7864169,2026-08-18 09:53:33,lock_reason_select,ios,8.4.1
5fd7d4f5ec164f0f,07f264f6b7864169,2026-08-18 09:53:36,lock_confirm,ios,8.4.1
5fd7d4f5ec164f0f,07f264f6b7864169,2026-08-18 09:53:37,lock_success,ios,8.4.1
c67ddc4803fc0cd6,249987d97fa790c7,2026-08-18 11:22:02,card_lock_start,ios,8.5.0
c67ddc4803fc0cd6,249987d97fa790c7,2026-08-18 11:22:08,card_select,ios,8.5.0
c67ddc4803fc0cd6,249987d97fa790c7,2026-08-18 11:22:21,lock_reason_select,ios,8.5.0
c67ddc4803fc0cd6,249987d97fa790c7,2026-08-18 11:22:27,lock_confirm,ios,8.5.0
c67ddc4803fc0cd6,249987d97fa790c7,2026-08-18 11:22:29,lock_success,ios,8.5.0
e1791a871be3e062,2996ffb483c680ea,2026-08-18 11:54:15,card_lock_start,android,8.2.1
e1791a871be3e062,2996ffb483c680ea,2026-08-18 11:54:19,card_select,android,8.2.1
e1791a871be3e062,2996ffb483c680ea,2026-08-18 11:54:32,lock_reason_select,android,8.2.1
e1791a871be3e062,2996ffb483c680ea,2026-08-18 11:54:36,lock_confirm,android,8.2.1
e1791a871be3e062,2996ffb483c680ea,2026-08-18 11:54:38,lock_success,android,8.2.1
9c52a270d64ac287,25537b1caade822d,2026-08-18 12:19:41,card_lock_start,ios,8.5.0
9c52a270d64ac287,25537b1caade822d,2026-08-18 12:19:45,card_select,ios,8.5.0
9c52a270d64ac287,25537b1caade822d,2026-08-18 12:19:52,lock_reason_select,ios,8.5.0
9c52a270d64ac287,25537b1caade822d,2026-08-18 12:19:55,lock_confirm,ios,8.5.0
9c52a270d64ac287,25537b1caade822d,2026-08-18 12:19:57,lock_success,ios,8.5.0
9c52a270d64ac287,25537b1caade822d,2026-08-18 12:24:08,unlock_start,ios,8.5.0
9c52a270d64ac287,25537b1caade822d,2026-08-18 12:24:14,unlock_success,ios,8.5.0
0b088d573bd4b981,089c7946c310bfc5,2026-08-18 13:21:05,card_lock_start,android,8.5.0
0b088d573bd4b981,089c7946c310bfc5,2026-08-18 13:21:11,card_select,android,8.5.0
f7814e17ffd37d13,1cf3b1892fa4d6eb,2026-08-18 13:49:48,card_lock_start,android,8.3.0
f7814e17ffd37d13,1cf3b1892fa4d6eb,2026-08-18 13:49:51,card_select,android,8.3.0
f7814e17ffd37d13,1cf3b1892fa4d6eb,2026-08-18 13:50:05,lock_reason_select,android,8.3.0
f7814e17ffd37d13,1cf3b1892fa4d6eb,2026-08-18 13:50:11,lock_confirm,android,8.3.0
f7814e17ffd37d13,1cf3b1892fa4d6eb,2026-08-18 13:50:12,lock_success,android,8.3.0
65a7ae528595423f,34a3bbd7d30e61cb,2026-08-18 14:35:19,unlock_start,ios,8.5.0
65a7ae528595423f,34a3bbd7d30e61cb,2026-08-18 14:35:26,unlock_success,ios,8.5.0
259e8dd501777b73,174a825b933d195b,2026-08-18 14:50:07,card_lock_start,android,8.3.0
259e8dd501777b73,174a825b933d195b,2026-08-18 14:50:11,card_select,android,8.3.0
259e8dd501777b73,174a825b933d195b,2026-08-18 14:50:27,lock_reason_select,android,8.3.0
259e8dd501777b73,174a825b933d195b,2026-08-18 14:50:32,lock_confirm,android,8.3.0
259e8dd501777b73,174a825b933d195b,2026-08-18 14:50:35,lock_success,android,8.3.0
9a2e77c534c29684,3071b2dddab32286,2026-08-18 15:35:21,unlock_start,ios,8.4.1
9a2e77c534c29684,3071b2dddab32286,2026-08-18 15:35:31,unlock_success,ios,8.4.1
6fe77d13dea01702,145a57abc01869a5,2026-08-18 17:54:54,card_lock_start,android,8.5.0
6fe77d13dea01702,145a57abc01869a5,2026-08-18 17:54:58,card_select,android,8.5.0
6fe77d13dea01702,145a57abc01869a5,2026-08-18 17:55:16,lock_reason_select,android,8.5.0
6fe77d13dea01702,145a57abc01869a5,2026-08-18 17:55:30,lock_confirm,android,8.5.0
6fe77d13dea01702,145a57abc01869a5,2026-08-18 17:55:31,lock_success,android,8.5.0
7122fd594754c0f9,15b509794090d1a9,2026-08-18 19:25:55,card_lock_start,ios,8.5.0
7122fd594754c0f9,15b509794090d1a9,2026-08-18 19:26:01,card_select,ios,8.5.0
7122fd594754c0f9,15b509794090d1a9,2026-08-18 19:26:50,lock_reason_select,ios,8.5.0
7122fd594754c0f9,15b509794090d1a9,2026-08-18 19:26:56,lock_confirm,ios,8.5.0
7122fd594754c0f9,15b509794090d1a9,2026-08-18 19:26:57,lock_success,ios,8.5.0
7122fd594754c0f9,15b509794090d1a9,2026-08-18 19:29:17,unlock_start,ios,8.5.0
7122fd594754c0f9,15b509794090d1a9,2026-08-18 19:29:21,unlock_success,ios,8.5.0
097047c0cf89f385,18d0010bb4495641,2026-08-18 19:38:58,card_lock_start,ios,8.3.0
097047c0cf89f385,18d0010bb4495641,2026-08-18 19:39:02,card_select,ios,8.3.0
097047c0cf89f385,18d0010bb4495641,2026-08-18 19:39:16,lock_reason_select,ios,8.3.0
097047c0cf89f385,18d0010bb4495641,2026-08-18 19:39:23,lock_confirm,ios,8.3.0
097047c0cf89f385,18d0010bb4495641,2026-08-18 19:39:25,lock_success,ios,8.3.0
6776081b42b986df,200cdbe58917a6d8,2026-08-18 20:11:04,card_lock_start,android,8.5.0
6776081b42b986df,200cdbe58917a6d8,2026-08-18 20:11:09,card_select,android,8.5.0
6776081b42b986df,200cdbe58917a6d8,2026-08-18 20:11:28,lock_reason_select,android,8.5.0
6776081b42b986df,200cdbe58917a6d8,2026-08-18 20:11:33,lock_confirm,android,8.5.0
6776081b42b986df,200cdbe58917a6d8,2026-08-18 20:11:34,lock_success,android,8.5.0
6776081b42b986df,200cdbe58917a6d8,2026-08-18 20:16:43,unlock_start,android,8.5.0
6776081b42b986df,200cdbe58917a6d8,2026-08-18 20:16:54,unlock_success,android,8.5.0
1e25e931a345642a,1bdf084e3e010bb2,2026-08-18 23:59:37,card_lock_start,ios,8.5.0
1e25e931a345642a,1bdf084e3e010bb2,2026-08-18 23:59:46,card_select,ios,8.5.0
1e25e931a345642a,1bdf084e3e010bb2,2026-08-19 00:00:03,lock_reason_select,ios,8.5.0
1e25e931a345642a,1bdf084e3e010bb2,2026-08-19 00:00:06,lock_confirm,ios,8.5.0
1e25e931a345642a,1bdf084e3e010bb2,2026-08-19 00:00:08,lock_success,ios,8.5.0
a50e2e2b8f1e7815,349c022e61350591,2026-08-19 01:16:53,card_lock_start,android,8.5.0
a50e2e2b8f1e7815,349c022e61350591,2026-08-19 01:16:58,card_select,android,8.5.0
a50e2e2b8f1e7815,349c022e61350591,2026-08-19 01:17:11,lock_reason_select,android,8.5.0
491d4dad71701d01,3b616b2bec769281,2026-08-19 07:39:43,card_lock_start,ios,8.5.0
491d4dad71701d01,3b616b2bec769281,2026-08-19 07:39:51,card_select,ios,8.5.0
491d4dad71701d01,3b616b2bec769281,2026-08-19 07:39:54,lock_reason_select,ios,8.5.0
491d4dad71701d01,3b616b2bec769281,2026-08-19 07:39:58,lock_confirm,ios,8.5.0
491d4dad71701d01,3b616b2bec769281,2026-08-19 07:40:01,lock_success,ios,8.5.0
491d4dad71701d01,3b616b2bec769281,2026-08-19 07:41:47,unlock_start,ios,8.5.0
491d4dad71701d01,3b616b2bec769281,2026-08-19 07:41:54,unlock_success,ios,8.5.0
f609d456df119d86,32730b7072f296d4,2026-08-19 08:01:14,card_lock_start,android,8.3.0
f609d456df119d86,32730b7072f296d4,2026-08-19 08:01:18,card_select,android,8.3.0
f609d456df119d86,32730b7072f296d4,2026-08-19 08:01:33,lock_reason_select,android,8.3.0
f609d456df119d86,32730b7072f296d4,2026-08-19 08:01:47,lock_confirm,android,8.3.0
f609d456df119d86,32730b7072f296d4,2026-08-19 08:01:49,lock_success,android,8.3.0
39021e8c7e2a84a9,22f531b475635e0e,2026-08-19 09:18:53,card_lock_start,android,8.5.0
39021e8c7e2a84a9,22f531b475635e0e,2026-08-19 09:19:01,card_select,android,8.5.0
39021e8c7e2a84a9,22f531b475635e0e,2026-08-19 09:19:12,lock_reason_select,android,8.5.0
39021e8c7e2a84a9,22f531b475635e0e,2026-08-19 09:19:20,lock_confirm,android,8.5.0
39021e8c7e2a84a9,22f531b475635e0e,2026-08-19 09:19:21,lock_success,android,8.5.0
7fa2825ffe3b5eb8,355f5d0c9b6cea47,2026-08-19 10:01:15,card_lock_start,android,8.5.0
7fa2825ffe3b5eb8,355f5d0c9b6cea47,2026-08-19 10:01:23,card_select,android,8.5.0
7fa2825ffe3b5eb8,355f5d0c9b6cea47,2026-08-19 10:01:31,lock_reason_select,android,8.5.0
7fa2825ffe3b5eb8,355f5d0c9b6cea47,2026-08-19 10:01:36,lock_confirm,android,8.5.0
7fa2825ffe3b5eb8,355f5d0c9b6cea47,2026-08-19 10:01:39,lock_success,android,8.5.0
513d7418b15387c0,2f6b65ffec059030,2026-08-19 10:05:18,card_lock_start,android,8.4.0
513d7418b15387c0,2f6b65ffec059030,2026-08-19 10:05:26,card_select,android,8.4.0
513d7418b15387c0,2f6b65ffec059030,2026-08-19 10:05:38,lock_reason_select,android,8.4.0
513d7418b15387c0,2f6b65ffec059030,2026-08-19 10:05:47,lock_confirm,android,8.4.0
513d7418b15387c0,2f6b65ffec059030,2026-08-19 10:05:49,lock_success,android,8.4.0
8a68da04acd358d0,36e72bb3e0be44d9,2026-08-19 10:15:09,card_lock_start,ios,8.3.0
8a68da04acd358d0,36e72bb3e0be44d9,2026-08-19 10:15:17,card_select,ios,8.3.0
8a68da04acd358d0,36e72bb3e0be44d9,2026-08-19 10:15:43,lock_reason_select,ios,8.3.0
8a68da04acd358d0,36e72bb3e0be44d9,2026-08-19 10:15:46,lock_confirm,ios,8.3.0
8a68da04acd358d0,36e72bb3e0be44d9,2026-08-19 10:15:48,lock_success,ios,8.3.0
08bfd99e60019391,10ead6afd6086872,2026-08-19 10:58:15,card_lock_start,ios,8.4.1
08bfd99e60019391,10ead6afd6086872,2026-08-19 10:58:25,card_select,ios,8.4.1
08bfd99e60019391,10ead6afd6086872,2026-08-19 10:58:35,lock_reason_select,ios,8.4.1
08bfd99e60019391,10ead6afd6086872,2026-08-19 10:58:44,lock_confirm,ios,8.4.1
08bfd99e60019391,10ead6afd6086872,2026-08-19 10:58:45,lock_success,ios,8.4.1
980442ef270055e4,27e9a70c4f4fa4ea,2026-08-19 13:09:23,unlock_start,ios,8.5.0
980442ef270055e4,27e9a70c4f4fa4ea,2026-08-19 13:09:34,unlock_success,ios,8.5.0
a8b5260335f145a7,1984be93f8264da0,2026-08-19 13:40:19,card_lock_start,android,8.2.1
a8b5260335f145a7,1984be93f8264da0,2026-08-19 13:40:25,card_select,android,8.2.1
a8b5260335f145a7,1984be93f8264da0,2026-08-19 13:40:30,lock_reason_select,android,8.2.1
a8b5260335f145a7,1984be93f8264da0,2026-08-19 13:40:36,lock_confirm,android,8.2.1
a8b5260335f145a7,1984be93f8264da0,2026-08-19 13:40:38,lock_success,android,8.2.1
a735ed8b4b2b5499,3853c8b7bafc42f4,2026-08-19 14:17:52,card_lock_start,android,8.3.0
a735ed8b4b2b5499,3853c8b7bafc42f4,2026-08-19 14:17:56,card_select,android,8.3.0
a735ed8b4b2b5499,3853c8b7bafc42f4,2026-08-19 14:18:00,lock_reason_select,android,8.3.0
a735ed8b4b2b5499,3853c8b7bafc42f4,2026-08-19 14:18:04,lock_confirm,android,8.3.0
a735ed8b4b2b5499,3853c8b7bafc42f4,2026-08-19 14:18:06,lock_success,android,8.3.0
f45e8e1d5357c5b5,1f4aa75cde57c6d9,2026-08-19 15:39:45,card_lock_start,android,8.5.0
f45e8e1d5357c5b5,1f4aa75cde57c6d9,2026-08-19 15:39:48,card_select,android,8.5.0
f45e8e1d5357c5b5,1f4aa75cde57c6d9,2026-08-19 15:39:56,lock_reason_select,android,8.5.0
fcc60eb5ccd7cedd,30dde6662eaf90cb,2026-08-19 15:45:55,card_lock_start,android,8.5.0
fcc60eb5ccd7cedd,30dde6662eaf90cb,2026-08-19 15:45:57,card_select,android,8.5.0
fcc60eb5ccd7cedd,30dde6662eaf90cb,2026-08-19 15:46:09,lock_reason_select,android,8.5.0
fcc60eb5ccd7cedd,30dde6662eaf90cb,2026-08-19 15:46:15,lock_confirm,android,8.5.0
fcc60eb5ccd7cedd,30dde6662eaf90cb,2026-08-19 15:46:16,lock_success,android,8.5.0
fcc60eb5ccd7cedd,30dde6662eaf90cb,2026-08-19 15:48:08,unlock_start,android,8.5.0
fcc60eb5ccd7cedd,30dde6662eaf90cb,2026-08-19 15:48:21,unlock_success,android,8.5.0
7aaf44330b9db743,2de306a4e74994e5,2026-08-19 15:48:49,card_lock_start,ios,8.5.0
7aaf44330b9db743,2de306a4e74994e5,2026-08-19 15:48:53,card_select,ios,8.5.0
7aaf44330b9db743,2de306a4e74994e5,2026-08-19 15:49:09,lock_reason_select,ios,8.5.0
7aaf44330b9db743,2de306a4e74994e5,2026-08-19 15:49:16,lock_confirm,ios,8.5.0
7aaf44330b9db743,2de306a4e74994e5,2026-08-19 15:49:17,lock_success,ios,8.5.0
b63a6f91dfd0ae8a,1eb197c0bb7b6da1,2026-08-19 15:54:34,card_lock_start,android,8.3.0
b63a6f91dfd0ae8a,1eb197c0bb7b6da1,2026-08-19 15:54:42,card_select,android,8.3.0
b63a6f91dfd0ae8a,1eb197c0bb7b6da1,2026-08-19 15:54:53,lock_reason_select,android,8.3.0
b63a6f91dfd0ae8a,1eb197c0bb7b6da1,2026-08-19 15:55:00,lock_confirm,android,8.3.0
b63a6f91dfd0ae8a,1eb197c0bb7b6da1,2026-08-19 15:55:03,lock_success,android,8.3.0
1d528a3fb895449b,1bb647cf4c077e6c,2026-08-19 15:59:46,card_lock_start,android,8.3.0
1d528a3fb895449b,1bb647cf4c077e6c,2026-08-19 15:59:51,card_select,android,8.3.0
1d528a3fb895449b,1bb647cf4c077e6c,2026-08-19 16:00:05,lock_reason_select,android,8.3.0
1d528a3fb895449b,1bb647cf4c077e6c,2026-08-19 16:00:10,lock_confirm,android,8.3.0
1d528a3fb895449b,1bb647cf4c077e6c,2026-08-19 16:00:12,lock_success,android,8.3.0
dce80c539d69b6df,1ffbb75e55639b00,2026-08-19 18:55:02,unlock_start,android,8.5.0
dce80c539d69b6df,1ffbb75e55639b00,2026-08-19 18:55:16,unlock_success,android,8.5.0
437dad60fecbf289,309af2e12adfcddd,2026-08-19 19:15:07,card_lock_start,ios,8.5.0
437dad60fecbf289,309af2e12adfcddd,2026-08-19 19:15:12,card_select,ios,8.5.0
437dad60fecbf289,309af2e12adfcddd,2026-08-19 19:15:19,lock_reason_select,ios,8.5.0
99d386b74df71f45,3c7cd1248111af90,2026-08-19 19:54:15,card_lock_start,android,8.3.0
99d386b74df71f45,3c7cd1248111af90,2026-08-19 19:54:18,card_select,android,8.3.0
99d386b74df71f45,3c7cd1248111af90,2026-08-19 19:54:47,lock_reason_select,android,8.3.0
99d386b74df71f45,3c7cd1248111af90,2026-08-19 19:54:56,lock_confirm,android,8.3.0
99d386b74df71f45,3c7cd1248111af90,2026-08-19 19:54:58,lock_success,android,8.3.0
99d386b74df71f45,3c7cd1248111af90,2026-08-19 19:56:14,unlock_start,android,8.3.0
99d386b74df71f45,3c7cd1248111af90,2026-08-19 19:56:27,unlock_success,android,8.3.0
6144d25605ae3f30,2d0ad69a836d73e3,2026-08-19 20:23:45,card_lock_start,ios,8.4.1
6144d25605ae3f30,2d0ad69a836d73e3,2026-08-19 20:23:52,card_select,ios,8.4.1
6144d25605ae3f30,2d0ad69a836d73e3,2026-08-19 20:24:08,lock_reason_select,ios,8.4.1
6144d25605ae3f30,2d0ad69a836d73e3,2026-08-19 20:24:10,lock_confirm,ios,8.4.1
6144d25605ae3f30,2d0ad69a836d73e3,2026-08-19 20:24:11,lock_success,ios,8.4.1
2befd2b4708a7f47,27f9ccb4d5b2d39c,2026-08-19 23:52:23,card_lock_start,ios,8.4.1
2befd2b4708a7f47,27f9ccb4d5b2d39c,2026-08-19 23:52:27,card_select,ios,8.4.1
2befd2b4708a7f47,27f9ccb4d5b2d39c,2026-08-19 23:52:35,lock_reason_select,ios,8.4.1
2befd2b4708a7f47,27f9ccb4d5b2d39c,2026-08-19 23:52:44,lock_confirm,ios,8.4.1
2befd2b4708a7f47,27f9ccb4d5b2d39c,2026-08-19 23:52:46,lock_success,ios,8.4.1
1afd3511dae38640,1e64cbd11e288104,2026-08-20 00:25:21,card_lock_start,android,8.5.0
1afd3511dae38640,1e64cbd11e288104,2026-08-20 00:25:26,card_select,android,8.5.0
1afd3511dae38640,1e64cbd11e288104,2026-08-20 00:25:33,lock_reason_select,android,8.5.0
1afd3511dae38640,1e64cbd11e288104,2026-08-20 00:25:38,lock_confirm,android,8.5.0
1afd3511dae38640,1e64cbd11e288104,2026-08-20 00:25:39,lock_success,android,8.5.0
426655f11bb30467,3aecb81d8516865d,2026-08-20 02:50:46,unlock_start,android,8.5.0
426655f11bb30467,3aecb81d8516865d,2026-08-20 02:50:53,unlock_success,android,8.5.0
6adafe8243582cb5,0b10ebc21f012961,2026-08-20 04:31:07,unlock_start,android,8.5.0
6adafe8243582cb5,0b10ebc21f012961,2026-08-20 04:31:15,unlock_success,android,8.5.0
b35981a017004e68,00a651f411384146,2026-08-20 05:48:35,card_lock_start,ios,8.5.0
b35981a017004e68,00a651f411384146,2026-08-20 05:48:40,card_select,ios,8.5.0
b35981a017004e68,00a651f411384146,2026-08-20 05:48:51,lock_reason_select,ios,8.5.0
b35981a017004e68,00a651f411384146,2026-08-20 05:48:57,lock_confirm,ios,8.5.0
b35981a017004e68,00a651f411384146,2026-08-20 05:48:58,lock_success,ios,8.5.0
db12f930786b6584,08644293f43b06e2,2026-08-20 06:34:18,unlock_start,android,8.5.0
db12f930786b6584,08644293f43b06e2,2026-08-20 06:34:27,unlock_success,android,8.5.0
51f36f189847ca3f,10531ea2cd305af9,2026-08-20 08:27:22,card_lock_start,android,8.5.0
51f36f189847ca3f,10531ea2cd305af9,2026-08-20 08:27:31,card_select,android,8.5.0
51f36f189847ca3f,10531ea2cd305af9,2026-08-20 08:27:44,lock_reason_select,android,8.5.0
e9e6b55002734e30,20ece4dd3bd8a74e,2026-08-20 09:30:20,card_lock_start,ios,8.3.0
e9e6b55002734e30,20ece4dd3bd8a74e,2026-08-20 09:30:29,card_select,ios,8.3.0
e9e6b55002734e30,20ece4dd3bd8a74e,2026-08-20 09:30:45,lock_reason_select,ios,8.3.0
e9e6b55002734e30,20ece4dd3bd8a74e,2026-08-20 09:30:49,lock_confirm,ios,8.3.0
e9e6b55002734e30,20ece4dd3bd8a74e,2026-08-20 09:30:52,lock_success,ios,8.3.0
36f087f0f6054b6c,0c09402f9be1fc49,2026-08-20 10:11:13,card_lock_start,ios,8.5.0
36f087f0f6054b6c,0c09402f9be1fc49,2026-08-20 10:11:20,card_select,ios,8.5.0
36f087f0f6054b6c,0c09402f9be1fc49,2026-08-20 10:12:15,lock_reason_select,ios,8.5.0
36f087f0f6054b6c,0c09402f9be1fc49,2026-08-20 10:12:24,lock_confirm,ios,8.5.0
36f087f0f6054b6c,0c09402f9be1fc49,2026-08-20 10:12:26,lock_success,ios,8.5.0
53b0e7c4bb736696,0487c444ea48802f,2026-08-20 10:42:56,card_lock_start,android,8.5.0
53b0e7c4bb736696,0487c444ea48802f,2026-08-20 10:43:03,card_select,android,8.5.0
72eb26119af69f44,29ca74b1d94bd600,2026-08-20 12:00:52,card_lock_start,ios,8.5.0
72eb26119af69f44,29ca74b1d94bd600,2026-08-20 12:00:58,card_select,ios,8.5.0
53b0e7c4bb736696,0d5244d63c9e3f26,2026-08-20 12:08:57,card_lock_start,android,8.5.0
53b0e7c4bb736696,0d5244d63c9e3f26,2026-08-20 12:09:05,card_select,android,8.5.0
53b0e7c4bb736696,0d5244d63c9e3f26,2026-08-20 12:09:08,lock_reason_select,android,8.5.0
53b0e7c4bb736696,0d5244d63c9e3f26,2026-08-20 12:09:11,lock_confirm,android,8.5.0
53b0e7c4bb736696,0d5244d63c9e3f26,2026-08-20 12:09:13,lock_success,android,8.5.0
5bf9bd3ee74c3d5d,136445b4d46063df,2026-08-20 13:19:53,card_lock_start,ios,8.4.1
5bf9bd3ee74c3d5d,136445b4d46063df,2026-08-20 13:19:57,card_select,ios,8.4.1
5bf9bd3ee74c3d5d,136445b4d46063df,2026-08-20 13:20:03,lock_reason_select,ios,8.4.1
5bf9bd3ee74c3d5d,136445b4d46063df,2026-08-20 13:20:05,lock_confirm,ios,8.4.1
5bf9bd3ee74c3d5d,136445b4d46063df,2026-08-20 13:20:07,lock_success,ios,8.4.1
969b3570a6f6cc0c,39a3db64813d5fc4,2026-08-20 13:24:37,card_lock_start,ios,8.5.0
969b3570a6f6cc0c,39a3db64813d5fc4,2026-08-20 13:24:49,card_select,ios,8.5.0
969b3570a6f6cc0c,39a3db64813d5fc4,2026-08-20 13:25:08,lock_reason_select,ios,8.5.0
969b3570a6f6cc0c,39a3db64813d5fc4,2026-08-20 13:25:15,lock_confirm,ios,8.5.0
969b3570a6f6cc0c,39a3db64813d5fc4,2026-08-20 13:25:16,lock_success,ios,8.5.0
0925ade148f4ab00,35177a22dfedbfed,2026-08-20 23:16:38,card_lock_start,android,8.5.0
0925ade148f4ab00,35177a22dfedbfed,2026-08-20 23:16:44,card_select,android,8.5.0
0925ade148f4ab00,35177a22dfedbfed,2026-08-20 23:16:54,lock_reason_select,android,8.5.0
0925ade148f4ab00,35177a22dfedbfed,2026-08-20 23:17:00,lock_confirm,android,8.5.0
0925ade148f4ab00,35177a22dfedbfed,2026-08-20 23:17:01,lock_success,android,8.5.0
2acb7d05e7db29c9,27029e80de437cee,2026-08-21 06:01:23,card_lock_start,android,8.5.0
2acb7d05e7db29c9,27029e80de437cee,2026-08-21 06:01:27,card_select,android,8.5.0
2acb7d05e7db29c9,27029e80de437cee,2026-08-21 06:01:33,lock_reason_select,android,8.5.0
2acb7d05e7db29c9,27029e80de437cee,2026-08-21 06:01:36,lock_confirm,android,8.5.0
2acb7d05e7db29c9,27029e80de437cee,2026-08-21 06:01:37,lock_success,android,8.5.0
2acb7d05e7db29c9,27029e80de437cee,2026-08-21 06:02:54,unlock_start,android,8.5.0
2acb7d05e7db29c9,27029e80de437cee,2026-08-21 06:03:01,unlock_success,android,8.5.0
d8f069419809ee1e,23169f721a43ebf4,2026-08-21 06:03:59,card_lock_start,android,8.4.0
d8f069419809ee1e,23169f721a43ebf4,2026-08-21 06:04:02,card_select,android,8.4.0
d8f069419809ee1e,23169f721a43ebf4,2026-08-21 06:04:10,lock_reason_select,android,8.4.0
c3a27556901b1c95,3c53ff62c9fe988a,2026-08-21 09:49:21,card_lock_start,ios,8.5.0
c3a27556901b1c95,3c53ff62c9fe988a,2026-08-21 09:49:29,card_select,ios,8.5.0
c3a27556901b1c95,3c53ff62c9fe988a,2026-08-21 09:49:45,lock_reason_select,ios,8.5.0
c3a27556901b1c95,3c53ff62c9fe988a,2026-08-21 09:49:48,lock_confirm,ios,8.5.0
c3a27556901b1c95,3c53ff62c9fe988a,2026-08-21 09:49:50,lock_success,ios,8.5.0
7009634b7fa641bd,0beba172b5edf61f,2026-08-21 11:56:07,card_lock_start,android,8.5.0
7009634b7fa641bd,0beba172b5edf61f,2026-08-21 11:56:15,card_select,android,8.5.0
7009634b7fa641bd,0beba172b5edf61f,2026-08-21 11:56:19,lock_reason_select,android,8.5.0
7009634b7fa641bd,0beba172b5edf61f,2026-08-21 11:56:23,lock_confirm,android,8.5.0
7009634b7fa641bd,0beba172b5edf61f,2026-08-21 11:56:26,lock_success,android,8.5.0
e8a1006d1a37be36,22dcb49b9d1ff528,2026-08-21 12:06:06,card_lock_start,android,8.5.0
e8a1006d1a37be36,22dcb49b9d1ff528,2026-08-21 12:06:12,card_select,android,8.5.0
e8a1006d1a37be36,22dcb49b9d1ff528,2026-08-21 12:06:19,lock_reason_select,android,8.5.0
e8a1006d1a37be36,22dcb49b9d1ff528,2026-08-21 12:06:23,lock_confirm,android,8.5.0
e8a1006d1a37be36,22dcb49b9d1ff528,2026-08-21 12:06:26,lock_success,android,8.5.0
e52c9dbc9b067a14,260f5be1628360dd,2026-08-21 12:35:28,card_lock_start,ios,8.5.0
e52c9dbc9b067a14,260f5be1628360dd,2026-08-21 12:35:33,card_select,ios,8.5.0
e52c9dbc9b067a14,260f5be1628360dd,2026-08-21 12:35:52,lock_reason_select,ios,8.5.0
e52c9dbc9b067a14,260f5be1628360dd,2026-08-21 12:35:59,lock_confirm,ios,8.5.0
e52c9dbc9b067a14,260f5be1628360dd,2026-08-21 12:36:02,lock_success,ios,8.5.0
3fe78169803dbeb6,1e6ec8058ee2e7df,2026-08-21 14:02:29,card_lock_start,android,8.2.1
17d85d0efd1d5921,24a02272be1d358b,2026-08-21 16:17:33,card_lock_start,android,8.4.0
17d85d0efd1d5921,24a02272be1d358b,2026-08-21 16:17:40,card_select,android,8.4.0
17d85d0efd1d5921,24a02272be1d358b,2026-08-21 16:17:54,lock_reason_select,android,8.4.0
17d85d0efd1d5921,24a02272be1d358b,2026-08-21 16:17:59,lock_confirm,android,8.4.0
17d85d0efd1d5921,24a02272be1d358b,2026-08-21 16:18:01,lock_success,android,8.4.0
736c60bb7c5c38de,21e9f81bc87fbb60,2026-08-21 17:28:46,card_lock_start,android,8.4.0
736c60bb7c5c38de,21e9f81bc87fbb60,2026-08-21 17:28:57,card_select,android,8.4.0
736c60bb7c5c38de,21e9f81bc87fbb60,2026-08-21 17:29:27,lock_reason_select,android,8.4.0
c7aceb7981b975a1,30d77f91ddcca296,2026-08-21 19:28:26,card_lock_start,ios,8.4.1
c7aceb7981b975a1,30d77f91ddcca296,2026-08-21 19:28:30,card_select,ios,8.4.1
c7aceb7981b975a1,30d77f91ddcca296,2026-08-21 19:28:52,lock_reason_select,ios,8.4.1
c7aceb7981b975a1,30d77f91ddcca296,2026-08-21 19:28:59,lock_confirm,ios,8.4.1
c7aceb7981b975a1,30d77f91ddcca296,2026-08-21 19:29:02,lock_success,ios,8.4.1
d8b3ec315d4fa3be,247f09c350a1df69,2026-08-21 21:07:17,card_lock_start,android,8.2.1
d8b3ec315d4fa3be,247f09c350a1df69,2026-08-21 21:07:21,card_select,android,8.2.1
890d6c534d6aa957,036e7a4e687dfd38,2026-08-22 01:35:02,unlock_start,android,8.3.0
890d6c534d6aa957,036e7a4e687dfd38,2026-08-22 01:35:09,unlock_success,android,8.3.0
b1d855ee708fbc15,026293ef4e70df1f,2026-08-22 06:25:55,card_lock_start,android,8.4.0
b1d855ee708fbc15,026293ef4e70df1f,2026-08-22 06:25:58,card_select,android,8.4.0
b1d855ee708fbc15,026293ef4e70df1f,2026-08-22 06:26:13,lock_reason_select,android,8.4.0
b1d855ee708fbc15,026293ef4e70df1f,2026-08-22 06:26:19,lock_confirm,android,8.4.0
b1d855ee708fbc15,026293ef4e70df1f,2026-08-22 06:26:20,lock_success,android,8.4.0
e55ce4b38359637f,325d3e9fc4aeb370,2026-08-22 06:57:17,card_lock_start,android,8.4.0
e55ce4b38359637f,325d3e9fc4aeb370,2026-08-22 06:57:22,card_select,android,8.4.0
f073802faecb6ab3,3123ccb716454712,2026-08-22 07:36:03,card_lock_start,android,8.4.0
f073802faecb6ab3,3123ccb716454712,2026-08-22 07:36:13,card_select,android,8.4.0
f073802faecb6ab3,3123ccb716454712,2026-08-22 07:36:21,lock_reason_select,android,8.4.0
f073802faecb6ab3,3123ccb716454712,2026-08-22 07:36:32,lock_confirm,android,8.4.0
f073802faecb6ab3,3123ccb716454712,2026-08-22 07:36:35,lock_success,android,8.4.0
f3494a2c7e013fbd,192364ffbf2e1ba0,2026-08-22 11:00:06,card_lock_start,ios,8.3.0
f3494a2c7e013fbd,192364ffbf2e1ba0,2026-08-22 11:00:12,card_select,ios,8.3.0
f3494a2c7e013fbd,192364ffbf2e1ba0,2026-08-22 11:00:27,lock_reason_select,ios,8.3.0
f3494a2c7e013fbd,192364ffbf2e1ba0,2026-08-22 11:00:30,lock_confirm,ios,8.3.0
f3494a2c7e013fbd,192364ffbf2e1ba0,2026-08-22 11:00:32,lock_success,ios,8.3.0
8c6df768b00216e5,13cbb5d1df76ba8a,2026-08-22 11:52:01,card_lock_start,ios,8.4.1
8c6df768b00216e5,13cbb5d1df76ba8a,2026-08-22 11:52:03,card_select,ios,8.4.1
8c6df768b00216e5,13cbb5d1df76ba8a,2026-08-22 11:52:16,lock_reason_select,ios,8.4.1
8c6df768b00216e5,13cbb5d1df76ba8a,2026-08-22 11:52:22,lock_confirm,ios,8.4.1
8c6df768b00216e5,13cbb5d1df76ba8a,2026-08-22 11:52:24,lock_success,ios,8.4.1
8c6df768b00216e5,13cbb5d1df76ba8a,2026-08-22 11:53:05,unlock_start,ios,8.4.1
8c6df768b00216e5,13cbb5d1df76ba8a,2026-08-22 11:53:20,unlock_success,ios,8.4.1
d7bd1c847faf8987,094e47aad18257ab,2026-08-22 13:37:03,card_lock_start,ios,8.4.1
d7bd1c847faf8987,094e47aad18257ab,2026-08-22 13:37:23,card_select,ios,8.4.1
d7bd1c847faf8987,094e47aad18257ab,2026-08-22 13:37:35,lock_reason_select,ios,8.4.1
d7bd1c847faf8987,094e47aad18257ab,2026-08-22 13:37:42,lock_confirm,ios,8.4.1
d7bd1c847faf8987,094e47aad18257ab,2026-08-22 13:37:44,lock_success,ios,8.4.1
4e06060f17433063,3fa3e777b59bd17e,2026-08-22 13:39:10,unlock_start,android,8.5.0
4e06060f17433063,3fa3e777b59bd17e,2026-08-22 13:39:20,unlock_success,android,8.5.0
5d574497dfd51397,1ea0e2c1295d1381,2026-08-22 14:55:47,unlock_start,android,8.5.0
5d574497dfd51397,1ea0e2c1295d1381,2026-08-22 14:56:01,unlock_success,android,8.5.0
78ffa47c632f7182,3436506a78968e02,2026-08-22 15:10:14,unlock_start,android,8.4.0
78ffa47c632f7182,3436506a78968e02,2026-08-22 15:10:22,unlock_success,android,8.4.0
c0f98a5d920bd8e0,11c33be13a2e13c5,2026-08-22 15:29:30,unlock_start,ios,8.4.1
c0f98a5d920bd8e0,11c33be13a2e13c5,2026-08-22 15:29:42,unlock_success,ios,8.4.1
d6a8f95b7436534e,3d6dfda03f086ade,2026-08-22 15:48:06,card_lock_start,ios,8.5.0
d6a8f95b7436534e,3d6dfda03f086ade,2026-08-22 15:48:09,card_select,ios,8.5.0
d6a8f95b7436534e,3d6dfda03f086ade,2026-08-22 15:49:06,lock_reason_select,ios,8.5.0
d6a8f95b7436534e,3d6dfda03f086ade,2026-08-22 15:49:08,lock_confirm,ios,8.5.0
d6a8f95b7436534e,3d6dfda03f086ade,2026-08-22 15:49:11,lock_error,ios,8.5.0
c28cdb6a9c5c77b9,0e4b69b9950ebc35,2026-08-22 16:12:38,card_lock_start,ios,8.4.1
c28cdb6a9c5c77b9,0e4b69b9950ebc35,2026-08-22 16:12:40,card_select,ios,8.4.1
c28cdb6a9c5c77b9,0e4b69b9950ebc35,2026-08-22 16:12:51,lock_reason_select,ios,8.4.1
c28cdb6a9c5c77b9,0e4b69b9950ebc35,2026-08-22 16:12:55,lock_confirm,ios,8.4.1
c28cdb6a9c5c77b9,0e4b69b9950ebc35,2026-08-22 16:12:57,lock_success,ios,8.4.1
e8f17cbc5d1ff3fe,09ee89f0f86cc09d,2026-08-22 18:50:06,card_lock_start,ios,8.5.0
e8f17cbc5d1ff3fe,09ee89f0f86cc09d,2026-08-22 18:50:12,card_select,ios,8.5.0
e8f17cbc5d1ff3fe,09ee89f0f86cc09d,2026-08-22 18:50:19,lock_reason_select,ios,8.5.0
e8f17cbc5d1ff3fe,09ee89f0f86cc09d,2026-08-22 18:50:21,lock_confirm,ios,8.5.0
e8f17cbc5d1ff3fe,09ee89f0f86cc09d,2026-08-22 18:50:22,lock_success,ios,8.5.0
63b95b07451bf375,362559132d751e6c,2026-08-22 19:08:43,card_lock_start,ios,8.4.1
a1d05d824f452f99,2b0de91e2af88184,2026-08-22 20:30:08,card_lock_start,ios,8.3.0
a1d05d824f452f99,2b0de91e2af88184,2026-08-22 20:30:11,card_select,ios,8.3.0
a1d05d824f452f99,2b0de91e2af88184,2026-08-22 20:30:20,lock_reason_select,ios,8.3.0
a1d05d824f452f99,2b0de91e2af88184,2026-08-22 20:30:24,lock_confirm,ios,8.3.0
a1d05d824f452f99,2b0de91e2af88184,2026-08-22 20:30:26,lock_success,ios,8.3.0
f0fa2688b34e4473,1444366cf3d9fb27,2026-08-23 05:15:56,unlock_start,ios,8.5.0
f0fa2688b34e4473,1444366cf3d9fb27,2026-08-23 05:16:05,unlock_success,ios,8.5.0
b1aa22f03632d040,26830a3622998cc8,2026-08-23 07:15:10,card_lock_start,android,8.4.0
b1aa22f03632d040,26830a3622998cc8,2026-08-23 07:15:16,card_select,android,8.4.0
b1aa22f03632d040,26830a3622998cc8,2026-08-23 07:15:37,lock_reason_select,android,8.4.0
b1aa22f03632d040,26830a3622998cc8,2026-08-23 07:15:54,lock_confirm,android,8.4.0
b1aa22f03632d040,26830a3622998cc8,2026-08-23 07:15:56,lock_success,android,8.4.0
198592e4ce256ec1,2d73194efb3e3231,2026-08-23 07:18:37,card_lock_start,android,8.3.0
198592e4ce256ec1,2d73194efb3e3231,2026-08-23 07:18:46,card_select,android,8.3.0
198592e4ce256ec1,2d73194efb3e3231,2026-08-23 07:18:53,lock_reason_select,android,8.3.0
198592e4ce256ec1,2d73194efb3e3231,2026-08-23 07:18:59,lock_confirm,android,8.3.0
198592e4ce256ec1,2d73194efb3e3231,2026-08-23 07:19:01,lock_success,android,8.3.0
1d2893cfa5f5776d,3f3b4c9648d62052,2026-08-23 08:49:25,card_lock_start,ios,8.4.1
1d2893cfa5f5776d,3f3b4c9648d62052,2026-08-23 08:49:31,card_select,ios,8.4.1
1d2893cfa5f5776d,3f3b4c9648d62052,2026-08-23 08:50:13,lock_reason_select,ios,8.4.1
1d2893cfa5f5776d,3f3b4c9648d62052,2026-08-23 08:50:20,lock_confirm,ios,8.4.1
1d2893cfa5f5776d,3f3b4c9648d62052,2026-08-23 08:50:22,lock_success,ios,8.4.1
75c690f8c4ef6aad,0e310996531b106f,2026-08-23 09:44:17,card_lock_start,android,8.4.0
75c690f8c4ef6aad,0e310996531b106f,2026-08-23 09:44:24,card_select,android,8.4.0
75c690f8c4ef6aad,0e310996531b106f,2026-08-23 09:44:51,lock_reason_select,android,8.4.0
75c690f8c4ef6aad,0e310996531b106f,2026-08-23 09:45:07,lock_confirm,android,8.4.0
75c690f8c4ef6aad,0e310996531b106f,2026-08-23 09:45:08,lock_success,android,8.4.0
d155d835b59b704b,1eddfa512ec3d355,2026-08-23 10:06:02,card_lock_start,ios,8.5.0
d155d835b59b704b,1eddfa512ec3d355,2026-08-23 10:06:04,card_select,ios,8.5.0
d155d835b59b704b,1eddfa512ec3d355,2026-08-23 10:06:28,lock_reason_select,ios,8.5.0
d155d835b59b704b,1eddfa512ec3d355,2026-08-23 10:06:31,lock_confirm,ios,8.5.0
d155d835b59b704b,1eddfa512ec3d355,2026-08-23 10:06:34,lock_success,ios,8.5.0
e76abf54d25a4119,074fbc4d97ee7da4,2026-08-23 11:36:46,unlock_start,android,8.5.0
e76abf54d25a4119,074fbc4d97ee7da4,2026-08-23 11:36:56,unlock_success,android,8.5.0
7250b16b5686b7b2,35be479455353be9,2026-08-23 11:40:18,card_lock_start,android,8.5.0
7250b16b5686b7b2,35be479455353be9,2026-08-23 11:40:27,card_select,android,8.5.0
7250b16b5686b7b2,35be479455353be9,2026-08-23 11:40:35,lock_reason_select,android,8.5.0
7250b16b5686b7b2,35be479455353be9,2026-08-23 11:40:40,lock_confirm,android,8.5.0
7250b16b5686b7b2,35be479455353be9,2026-08-23 11:40:42,lock_success,android,8.5.0
7250b16b5686b7b2,35be479455353be9,2026-08-23 11:43:12,unlock_start,android,8.5.0
7250b16b5686b7b2,35be479455353be9,2026-08-23 11:43:19,unlock_success,android,8.5.0
5bf9bd3ee74c3d5d,2c0a153284253320,2026-08-23 11:57:40,unlock_start,ios,8.4.1
217f31e1e784dbac,2a8dfd2b4cb9718e,2026-08-23 13:56:14,card_lock_start,android,8.3.0
217f31e1e784dbac,2a8dfd2b4cb9718e,2026-08-23 13:56:21,card_select,android,8.3.0
217f31e1e784dbac,2a8dfd2b4cb9718e,2026-08-23 13:56:29,lock_reason_select,android,8.3.0
217f31e1e784dbac,2a8dfd2b4cb9718e,2026-08-23 13:56:38,lock_confirm,android,8.3.0
217f31e1e784dbac,2a8dfd2b4cb9718e,2026-08-23 13:56:40,lock_success,android,8.3.0
2befd2b4708a7f47,3c83d097f15d4544,2026-08-23 15:02:07,unlock_start,ios,8.4.1
2befd2b4708a7f47,3c83d097f15d4544,2026-08-23 15:02:15,unlock_success,ios,8.4.1
eef5e664693a5c7a,0788efa5d0d09e78,2026-08-23 17:03:51,card_lock_start,android,8.4.0
eef5e664693a5c7a,0788efa5d0d09e78,2026-08-23 17:03:54,card_select,android,8.4.0
eef5e664693a5c7a,0788efa5d0d09e78,2026-08-23 17:04:15,lock_reason_select,android,8.4.0
eef5e664693a5c7a,0788efa5d0d09e78,2026-08-23 17:04:22,lock_confirm,android,8.4.0
eef5e664693a5c7a,0788efa5d0d09e78,2026-08-23 17:04:23,lock_success,android,8.4.0
a9275f5efc06c058,047be09b461b71fe,2026-08-23 17:24:15,card_lock_start,android,8.5.0
a9275f5efc06c058,047be09b461b71fe,2026-08-23 17:24:18,card_select,android,8.5.0
a9275f5efc06c058,047be09b461b71fe,2026-08-23 17:24:36,lock_reason_select,android,8.5.0
a9275f5efc06c058,047be09b461b71fe,2026-08-23 17:24:40,lock_confirm,android,8.5.0
a9275f5efc06c058,047be09b461b71fe,2026-08-23 17:24:42,lock_success,android,8.5.0
f4e0becf75d9a728,15fa4453792b9c14,2026-08-23 18:30:18,card_lock_start,ios,8.5.0
f4e0becf75d9a728,15fa4453792b9c14,2026-08-23 18:30:21,card_select,ios,8.5.0
f4e0becf75d9a728,15fa4453792b9c14,2026-08-23 18:30:45,lock_reason_select,ios,8.5.0
f4e0becf75d9a728,15fa4453792b9c14,2026-08-23 18:30:50,lock_confirm,ios,8.5.0
f4e0becf75d9a728,15fa4453792b9c14,2026-08-23 18:30:53,lock_success,ios,8.5.0
b91cd3454da02237,2fb9f07a83cd041e,2026-08-23 19:57:42,unlock_start,ios,8.5.0
b91cd3454da02237,2fb9f07a83cd041e,2026-08-23 19:57:54,unlock_success,ios,8.5.0
2f3da63fe1b950fe,04b88386a7947135,2026-08-23 22:16:44,card_lock_start,android,8.5.0
2f3da63fe1b950fe,04b88386a7947135,2026-08-23 22:16:58,card_select,android,8.5.0
2f3da63fe1b950fe,04b88386a7947135,2026-08-23 22:17:04,lock_reason_select,android,8.5.0
2f3da63fe1b950fe,04b88386a7947135,2026-08-23 22:17:12,lock_confirm,android,8.5.0
2f3da63fe1b950fe,04b88386a7947135,2026-08-23 22:17:14,lock_success,android,8.5.0
3dc6622c7476d3c4,0d43892844d982a5,2026-08-23 23:56:22,card_lock_start,android,8.4.0
3dc6622c7476d3c4,0d43892844d982a5,2026-08-23 23:56:25,card_select,android,8.4.0
3dc6622c7476d3c4,0d43892844d982a5,2026-08-23 23:56:32,lock_reason_select,android,8.4.0
3dc6622c7476d3c4,0d43892844d982a5,2026-08-23 23:56:37,lock_confirm,android,8.4.0
3dc6622c7476d3c4,0d43892844d982a5,2026-08-23 23:56:39,lock_success,android,8.4.0
6b6761c1fc341399,2d83ea9706d1632b,2026-08-24 00:45:24,unlock_start,ios,8.5.0
6b6761c1fc341399,2d83ea9706d1632b,2026-08-24 00:45:30,unlock_success,ios,8.5.0
d01f7064b2511231,3058b4f1f1ef4018,2026-08-24 08:34:19,unlock_start,android,8.2.1
d01f7064b2511231,3058b4f1f1ef4018,2026-08-24 08:34:27,unlock_success,android,8.2.1
e4bc42d031402888,33d134b60490a6ed,2026-08-24 09:23:20,card_lock_start,android,8.5.0
e4bc42d031402888,33d134b60490a6ed,2026-08-24 09:23:23,card_select,android,8.5.0
e4bc42d031402888,33d134b60490a6ed,2026-08-24 09:23:32,lock_reason_select,android,8.5.0
2f3da63fe1b950fe,338aa8bdd4d94ffa,2026-08-24 10:01:41,unlock_start,android,8.5.0
2f3da63fe1b950fe,338aa8bdd4d94ffa,2026-08-24 10:01:52,unlock_success,android,8.5.0
1afd3511dae38640,1a02dcf8c2e9c61f,2026-08-24 10:05:22,card_lock_start,android,8.5.0
1afd3511dae38640,1a02dcf8c2e9c61f,2026-08-24 10:05:26,card_select,android,8.5.0
1afd3511dae38640,1a02dcf8c2e9c61f,2026-08-24 10:05:37,lock_reason_select,android,8.5.0
1afd3511dae38640,1a02dcf8c2e9c61f,2026-08-24 10:05:41,lock_confirm,android,8.5.0
1afd3511dae38640,1a02dcf8c2e9c61f,2026-08-24 10:05:42,lock_success,android,8.5.0
932e04ba5d54b625,24b1701d57f8b37c,2026-08-24 11:29:14,card_lock_start,ios,8.3.0
932e04ba5d54b625,24b1701d57f8b37c,2026-08-24 11:29:16,card_select,ios,8.3.0
ccf803f50926afcc,18c8c00699b1a94b,2026-08-24 11:29:23,card_lock_start,android,8.3.0
932e04ba5d54b625,24b1701d57f8b37c,2026-08-24 11:29:26,lock_reason_select,ios,8.3.0
932e04ba5d54b625,24b1701d57f8b37c,2026-08-24 11:29:29,lock_confirm,ios,8.3.0
ccf803f50926afcc,18c8c00699b1a94b,2026-08-24 11:29:30,card_select,android,8.3.0
932e04ba5d54b625,24b1701d57f8b37c,2026-08-24 11:29:32,lock_success,ios,8.3.0
ccf803f50926afcc,18c8c00699b1a94b,2026-08-24 11:29:35,lock_reason_select,android,8.3.0
ccf803f50926afcc,18c8c00699b1a94b,2026-08-24 11:29:37,lock_confirm,android,8.3.0
ccf803f50926afcc,18c8c00699b1a94b,2026-08-24 11:29:38,lock_success,android,8.3.0
e8f17cbc5d1ff3fe,35c90ab11dbf6f6b,2026-08-24 14:42:30,unlock_start,ios,8.5.0
e8f17cbc5d1ff3fe,35c90ab11dbf6f6b,2026-08-24 14:42:33,unlock_success,ios,8.5.0
5229304512ad3033,13f490eda69fdf8d,2026-08-24 15:32:39,card_lock_start,android,8.5.0
5229304512ad3033,13f490eda69fdf8d,2026-08-24 15:32:47,card_select,android,8.5.0
5229304512ad3033,13f490eda69fdf8d,2026-08-24 15:33:16,lock_reason_select,android,8.5.0
5229304512ad3033,13f490eda69fdf8d,2026-08-24 15:33:23,lock_confirm,android,8.5.0
5229304512ad3033,13f490eda69fdf8d,2026-08-24 15:33:26,lock_success,android,8.5.0
ef51b79c5c28673d,017bff1803f5903b,2026-08-24 16:19:33,unlock_start,ios,8.4.1
ef51b79c5c28673d,017bff1803f5903b,2026-08-24 16:19:37,unlock_success,ios,8.4.1
df9df2cd092c2144,3a882b43911bf91b,2026-08-24 16:43:38,card_lock_start,android,8.3.0
df9df2cd092c2144,3a882b43911bf91b,2026-08-24 16:43:47,card_select,android,8.3.0
df9df2cd092c2144,3a882b43911bf91b,2026-08-24 16:44:20,lock_reason_select,android,8.3.0
df9df2cd092c2144,3a882b43911bf91b,2026-08-24 16:44:25,lock_confirm,android,8.3.0
df9df2cd092c2144,3a882b43911bf91b,2026-08-24 16:44:26,lock_success,android,8.3.0
7f2053fd34c27933,2ea0737c1d9a66d9,2026-08-24 17:29:00,card_lock_start,ios,8.3.0
7f2053fd34c27933,2ea0737c1d9a66d9,2026-08-24 17:29:07,card_select,ios,8.3.0
08bfd99e60019391,06682fe10478f7ed,2026-08-24 17:29:20,unlock_start,ios,8.4.1
08bfd99e60019391,06682fe10478f7ed,2026-08-24 17:29:27,unlock_success,ios,8.4.1
7f2053fd34c27933,2ea0737c1d9a66d9,2026-08-24 17:29:50,lock_reason_select,ios,8.3.0
8b695a3f132bb73e,35c712edaa38b08d,2026-08-24 19:52:34,card_lock_start,android,8.4.0
8b695a3f132bb73e,35c712edaa38b08d,2026-08-24 19:52:45,card_select,android,8.4.0
8b695a3f132bb73e,35c712edaa38b08d,2026-08-24 19:52:55,lock_reason_select,android,8.4.0
8b695a3f132bb73e,35c712edaa38b08d,2026-08-24 19:53:05,lock_confirm,android,8.4.0
8b695a3f132bb73e,35c712edaa38b08d,2026-08-24 19:53:08,lock_success,android,8.4.0
7009634b7fa641bd,2d5e3c01f739048b,2026-08-24 19:55:32,unlock_start,android,8.5.0
7009634b7fa641bd,2d5e3c01f739048b,2026-08-24 19:55:36,unlock_success,android,8.5.0
06a39f38955b778a,169fa4f53c85546a,2026-08-25 00:02:27,card_lock_start,android,8.5.0
06a39f38955b778a,169fa4f53c85546a,2026-08-25 00:02:34,card_select,android,8.5.0
06a39f38955b778a,169fa4f53c85546a,2026-08-25 00:02:58,lock_reason_select,android,8.5.0
06a39f38955b778a,169fa4f53c85546a,2026-08-25 00:03:03,lock_confirm,android,8.5.0
06a39f38955b778a,169fa4f53c85546a,2026-08-25 00:03:05,lock_success,android,8.5.0
b1aa22f03632d040,3700efd6207d8da4,2026-08-25 00:14:27,unlock_start,android,8.4.0
b1aa22f03632d040,3700efd6207d8da4,2026-08-25 00:14:37,unlock_success,android,8.4.0
f3a680bed1a4ada5,19b4e6c29d68f156,2026-08-25 00:50:05,card_lock_start,ios,8.5.0
f3a680bed1a4ada5,19b4e6c29d68f156,2026-08-25 00:50:10,card_select,ios,8.5.0
f3a680bed1a4ada5,19b4e6c29d68f156,2026-08-25 00:50:27,lock_reason_select,ios,8.5.0
f3a680bed1a4ada5,19b4e6c29d68f156,2026-08-25 00:50:36,lock_confirm,ios,8.5.0
f3a680bed1a4ada5,19b4e6c29d68f156,2026-08-25 00:50:37,lock_error,ios,8.5.0
432bafd889cb1a59,1ed5d8e07109264b,2026-08-25 01:50:39,card_lock_start,android,8.5.0
432bafd889cb1a59,1ed5d8e07109264b,2026-08-25 01:50:46,card_select,android,8.5.0
432bafd889cb1a59,1ed5d8e07109264b,2026-08-25 01:51:03,lock_reason_select,android,8.5.0
432bafd889cb1a59,1ed5d8e07109264b,2026-08-25 01:51:13,lock_confirm,android,8.5.0
432bafd889cb1a59,1ed5d8e07109264b,2026-08-25 01:51:16,lock_success,android,8.5.0
2f66a3e4db309ecd,3083e8bcf9b2df8f,2026-08-25 05:32:50,card_lock_start,ios,8.5.0
2f66a3e4db309ecd,3083e8bcf9b2df8f,2026-08-25 05:32:58,card_select,ios,8.5.0
2f66a3e4db309ecd,3083e8bcf9b2df8f,2026-08-25 05:33:05,lock_reason_select,ios,8.5.0
2f66a3e4db309ecd,3083e8bcf9b2df8f,2026-08-25 05:33:10,lock_confirm,ios,8.5.0
2f66a3e4db309ecd,3083e8bcf9b2df8f,2026-08-25 05:33:12,lock_success,ios,8.5.0
2f66a3e4db309ecd,3083e8bcf9b2df8f,2026-08-25 05:33:39,unlock_start,ios,8.5.0
2f66a3e4db309ecd,3083e8bcf9b2df8f,2026-08-25 05:33:47,unlock_success,ios,8.5.0
6fe77d13dea01702,2e533a755f68bf89,2026-08-25 06:03:56,unlock_start,android,8.5.0
6fe77d13dea01702,2e533a755f68bf89,2026-08-25 06:04:02,unlock_success,android,8.5.0
327ae4a911b03b93,23d67f5236e0a484,2026-08-25 10:07:05,card_lock_start,android,8.3.0
327ae4a911b03b93,23d67f5236e0a484,2026-08-25 10:07:12,card_select,android,8.3.0
327ae4a911b03b93,23d67f5236e0a484,2026-08-25 10:07:18,lock_reason_select,android,8.3.0
327ae4a911b03b93,23d67f5236e0a484,2026-08-25 10:07:31,lock_confirm,android,8.3.0
327ae4a911b03b93,23d67f5236e0a484,2026-08-25 10:07:32,lock_success,android,8.3.0
6ccac48fdcc8b9d9,3a16a83ce3c56a60,2026-08-25 10:49:39,card_lock_start,android,8.2.1
6ccac48fdcc8b9d9,3a16a83ce3c56a60,2026-08-25 10:49:43,card_select,android,8.2.1
6ccac48fdcc8b9d9,3a16a83ce3c56a60,2026-08-25 10:50:14,lock_reason_select,android,8.2.1
6ccac48fdcc8b9d9,3a16a83ce3c56a60,2026-08-25 10:50:20,lock_confirm,android,8.2.1
6ccac48fdcc8b9d9,3a16a83ce3c56a60,2026-08-25 10:50:22,lock_success,android,8.2.1
f597b6a4a8e041bb,3446d9c2f5e9da90,2026-08-25 11:03:37,card_lock_start,ios,8.4.1
f597b6a4a8e041bb,3446d9c2f5e9da90,2026-08-25 11:03:41,card_select,ios,8.4.1
f597b6a4a8e041bb,3446d9c2f5e9da90,2026-08-25 11:03:57,lock_reason_select,ios,8.4.1
f597b6a4a8e041bb,3446d9c2f5e9da90,2026-08-25 11:03:59,lock_confirm,ios,8.4.1
f597b6a4a8e041bb,3446d9c2f5e9da90,2026-08-25 11:04:02,lock_success,ios,8.4.1
f597b6a4a8e041bb,3446d9c2f5e9da90,2026-08-25 11:05:32,unlock_start,ios,8.4.1
f597b6a4a8e041bb,3446d9c2f5e9da90,2026-08-25 11:05:42,unlock_success,ios,8.4.1
198592e4ce256ec1,1bf240c356547d9b,2026-08-25 11:35:10,unlock_start,android,8.3.0
198592e4ce256ec1,1bf240c356547d9b,2026-08-25 11:35:24,unlock_success,android,8.3.0
3a6bebb4bfb2991e,28a861f12abc71fa,2026-08-25 12:55:27,card_lock_start,ios,8.5.0
3a6bebb4bfb2991e,28a861f12abc71fa,2026-08-25 12:55:34,card_select,ios,8.5.0
3a6bebb4bfb2991e,28a861f12abc71fa,2026-08-25 12:55:52,lock_reason_select,ios,8.5.0
3a6bebb4bfb2991e,28a861f12abc71fa,2026-08-25 12:55:54,lock_confirm,ios,8.5.0
3a6bebb4bfb2991e,28a861f12abc71fa,2026-08-25 12:55:57,lock_success,ios,8.5.0
f94182d8f8918d17,2b634a5e40613db3,2026-08-25 13:04:53,card_lock_start,android,8.5.0
f94182d8f8918d17,2b634a5e40613db3,2026-08-25 13:04:56,card_select,android,8.5.0
f94182d8f8918d17,2b634a5e40613db3,2026-08-25 13:05:08,lock_reason_select,android,8.5.0
1c11ee7f66c9466d,1e18dc8d7d0871e4,2026-08-25 13:07:31,card_lock_start,android,8.3.0
1c11ee7f66c9466d,1e18dc8d7d0871e4,2026-08-25 13:07:41,card_select,android,8.3.0
1c11ee7f66c9466d,1e18dc8d7d0871e4,2026-08-25 13:07:50,lock_reason_select,android,8.3.0
1c11ee7f66c9466d,1e18dc8d7d0871e4,2026-08-25 13:07:54,lock_confirm,android,8.3.0
1c11ee7f66c9466d,1e18dc8d7d0871e4,2026-08-25 13:07:56,lock_success,android,8.3.0
c0cd12ea7c08b3cd,1270f5de61f3d8e5,2026-08-25 14:41:07,unlock_start,android,8.5.0
c0cd12ea7c08b3cd,1270f5de61f3d8e5,2026-08-25 14:41:14,unlock_success,android,8.5.0
17d85d0efd1d5921,3d1c111c94fb8284,2026-08-25 15:24:40,unlock_start,android,8.4.0
17d85d0efd1d5921,3d1c111c94fb8284,2026-08-25 15:24:45,unlock_success,android,8.4.0
b01bd484ff5d8d3b,3fefa7c07174e136,2026-08-25 16:03:13,card_lock_start,ios,8.5.0
b01bd484ff5d8d3b,3fefa7c07174e136,2026-08-25 16:03:22,card_select,ios,8.5.0
b01bd484ff5d8d3b,3fefa7c07174e136,2026-08-25 16:03:39,lock_reason_select,ios,8.5.0
b01bd484ff5d8d3b,3fefa7c07174e136,2026-08-25 16:03:41,lock_confirm,ios,8.5.0
b01bd484ff5d8d3b,3fefa7c07174e136,2026-08-25 16:03:43,lock_success,ios,8.5.0
6ace25c6254f2d06,06cda7af28145980,2026-08-25 16:40:54,unlock_start,android,8.2.1
6ace25c6254f2d06,06cda7af28145980,2026-08-25 16:41:05,unlock_success,android,8.2.1
c1292c69eb6ab02d,1c7674ec19e93701,2026-08-25 18:38:56,card_lock_start,ios,8.4.1
c1292c69eb6ab02d,1c7674ec19e93701,2026-08-25 18:39:02,card_select,ios,8.4.1
c1292c69eb6ab02d,1c7674ec19e93701,2026-08-25 18:39:14,lock_reason_select,ios,8.4.1
c1292c69eb6ab02d,1c7674ec19e93701,2026-08-25 18:39:18,lock_confirm,ios,8.4.1
c1292c69eb6ab02d,1c7674ec19e93701,2026-08-25 18:39:20,lock_success,ios,8.4.1
0f40b3dc45d5ff43,1dee0ea2a46605b0,2026-08-25 19:02:57,card_lock_start,android,8.5.0
0f40b3dc45d5ff43,1dee0ea2a46605b0,2026-08-25 19:03:07,card_select,android,8.5.0
0f40b3dc45d5ff43,1dee0ea2a46605b0,2026-08-25 19:03:22,lock_reason_select,android,8.5.0
0f40b3dc45d5ff43,1dee0ea2a46605b0,2026-08-25 19:03:27,lock_confirm,android,8.5.0
0f40b3dc45d5ff43,1dee0ea2a46605b0,2026-08-25 19:03:28,lock_success,android,8.5.0
0f40b3dc45d5ff43,1dee0ea2a46605b0,2026-08-25 19:03:57,unlock_start,android,8.5.0
0f40b3dc45d5ff43,1dee0ea2a46605b0,2026-08-25 19:04:05,unlock_success,android,8.5.0
1e9b9ce7c2e44368,3ab7880aaaa0c349,2026-08-25 19:12:50,card_lock_start,android,8.5.0
1e9b9ce7c2e44368,3ab7880aaaa0c349,2026-08-25 19:12:54,card_select,android,8.5.0
1e9b9ce7c2e44368,3ab7880aaaa0c349,2026-08-25 19:13:16,lock_reason_select,android,8.5.0
1e9b9ce7c2e44368,3ab7880aaaa0c349,2026-08-25 19:13:19,lock_confirm,android,8.5.0
1e9b9ce7c2e44368,3ab7880aaaa0c349,2026-08-25 19:13:20,lock_success,android,8.5.0
1e9b9ce7c2e44368,3ab7880aaaa0c349,2026-08-25 19:14:46,unlock_start,android,8.5.0
1e9b9ce7c2e44368,3ab7880aaaa0c349,2026-08-25 19:14:59,unlock_success,android,8.5.0
812fb67ebaa519e5,3aef9ee600fdd47a,2026-08-25 19:57:53,card_lock_start,android,8.3.0
1afd3511dae38640,1d3731920c037127,2026-08-26 02:37:26,unlock_start,android,8.5.0
1afd3511dae38640,1d3731920c037127,2026-08-26 02:37:39,unlock_success,android,8.5.0
8ef096f908cb5720,1ec72625d0e2a725,2026-08-26 03:37:09,card_lock_start,ios,8.5.0
38dfef270ee6d855,2040c2f2d7b07b1c,2026-08-26 07:35:32,card_lock_start,ios,8.4.1
38dfef270ee6d855,2040c2f2d7b07b1c,2026-08-26 07:35:37,card_select,ios,8.4.1
38dfef270ee6d855,2040c2f2d7b07b1c,2026-08-26 07:35:47,lock_reason_select,ios,8.4.1
1fbbe28250da74ae,01478c5216c838c6,2026-08-26 08:53:57,card_lock_start,android,8.3.0
1fbbe28250da74ae,01478c5216c838c6,2026-08-26 08:54:01,card_select,android,8.3.0
1fbbe28250da74ae,01478c5216c838c6,2026-08-26 08:54:16,lock_reason_select,android,8.3.0
7e23efa6afbfe894,164673498b2245d3,2026-08-26 11:40:04,card_lock_start,ios,8.4.1
7e23efa6afbfe894,164673498b2245d3,2026-08-26 11:40:07,card_select,ios,8.4.1
7e23efa6afbfe894,164673498b2245d3,2026-08-26 11:40:44,lock_reason_select,ios,8.4.1
7e23efa6afbfe894,164673498b2245d3,2026-08-26 11:40:50,lock_confirm,ios,8.4.1
7e23efa6afbfe894,164673498b2245d3,2026-08-26 11:40:52,lock_success,ios,8.4.1
7e23efa6afbfe894,164673498b2245d3,2026-08-26 11:41:57,unlock_start,ios,8.4.1
7e23efa6afbfe894,164673498b2245d3,2026-08-26 11:42:02,unlock_success,ios,8.4.1
1d4745aac5037a6f,08883473350453b7,2026-08-26 11:52:08,card_lock_start,ios,8.5.0
1d4745aac5037a6f,08883473350453b7,2026-08-26 11:52:20,card_select,ios,8.5.0
1d4745aac5037a6f,08883473350453b7,2026-08-26 11:52:31,lock_reason_select,ios,8.5.0
1d4745aac5037a6f,08883473350453b7,2026-08-26 11:52:34,lock_confirm,ios,8.5.0
1d4745aac5037a6f,08883473350453b7,2026-08-26 11:52:37,lock_success,ios,8.5.0
c67ddc4803fc0cd6,198e1661af64396e,2026-08-26 11:56:27,unlock_start,ios,8.5.0
c67ddc4803fc0cd6,198e1661af64396e,2026-08-26 11:56:39,unlock_success,ios,8.5.0
32fa8bf796f5b433,1dd74cc306455342,2026-08-26 13:21:06,card_lock_start,android,8.4.0
32fa8bf796f5b433,1dd74cc306455342,2026-08-26 13:21:13,card_select,android,8.4.0
32fa8bf796f5b433,1dd74cc306455342,2026-08-26 13:21:25,lock_reason_select,android,8.4.0
b8f58f31d74e129e,1ae2eee9bd583470,2026-08-26 14:09:06,card_lock_start,android,8.5.0
b8f58f31d74e129e,1ae2eee9bd583470,2026-08-26 14:09:10,card_select,android,8.5.0
b8f58f31d74e129e,1ae2eee9bd583470,2026-08-26 14:09:26,lock_reason_select,android,8.5.0
48473f5530557683,119f55e85a75fdca,2026-08-26 15:02:18,card_lock_start,android,8.5.0
48473f5530557683,119f55e85a75fdca,2026-08-26 15:02:23,card_select,android,8.5.0
48473f5530557683,119f55e85a75fdca,2026-08-26 15:02:31,lock_reason_select,android,8.5.0
48473f5530557683,119f55e85a75fdca,2026-08-26 15:02:34,lock_confirm,android,8.5.0
48473f5530557683,119f55e85a75fdca,2026-08-26 15:02:37,lock_success,android,8.5.0
1a46558a82469d24,00f811e048861d60,2026-08-26 15:27:03,card_lock_start,android,8.2.1
1a46558a82469d24,00f811e048861d60,2026-08-26 15:27:11,card_select,android,8.2.1
757fecc0d419b743,00bab738f2bb95d6,2026-08-26 16:35:12,card_lock_start,android,8.3.0
757fecc0d419b743,00bab738f2bb95d6,2026-08-26 16:35:18,card_select,android,8.3.0
757fecc0d419b743,00bab738f2bb95d6,2026-08-26 16:35:27,lock_reason_select,android,8.3.0
757fecc0d419b743,00bab738f2bb95d6,2026-08-26 16:35:33,lock_confirm,android,8.3.0
757fecc0d419b743,00bab738f2bb95d6,2026-08-26 16:35:35,lock_success,android,8.3.0
757fecc0d419b743,00bab738f2bb95d6,2026-08-26 16:37:27,unlock_start,android,8.3.0
757fecc0d419b743,00bab738f2bb95d6,2026-08-26 16:37:39,unlock_success,android,8.3.0
a1d05d824f452f99,31c55df48fcb8b70,2026-08-26 16:49:53,card_lock_start,ios,8.3.0
a1d05d824f452f99,31c55df48fcb8b70,2026-08-26 16:49:56,card_select,ios,8.3.0
a1d05d824f452f99,31c55df48fcb8b70,2026-08-26 16:50:01,lock_reason_select,ios,8.3.0
a1d05d824f452f99,31c55df48fcb8b70,2026-08-26 16:50:09,lock_confirm,ios,8.3.0
a1d05d824f452f99,31c55df48fcb8b70,2026-08-26 16:50:11,lock_success,ios,8.3.0
b5820a2cab29be3f,04e74f553ed42cd2,2026-08-26 16:54:37,card_lock_start,android,8.4.0
b5820a2cab29be3f,04e74f553ed42cd2,2026-08-26 16:54:52,card_select,android,8.4.0
b5820a2cab29be3f,04e74f553ed42cd2,2026-08-26 16:55:16,lock_reason_select,android,8.4.0
df08c2287101a5ed,308869fcef60e488,2026-08-26 17:55:04,card_lock_start,android,8.5.0
df08c2287101a5ed,308869fcef60e488,2026-08-26 17:55:08,card_select,android,8.5.0
df08c2287101a5ed,308869fcef60e488,2026-08-26 17:56:33,lock_reason_select,android,8.5.0
df08c2287101a5ed,308869fcef60e488,2026-08-26 17:56:39,lock_confirm,android,8.5.0
df08c2287101a5ed,308869fcef60e488,2026-08-26 17:56:41,lock_success,android,8.5.0
a9ddf821122ab8be,21d6921dc79a90e2,2026-08-26 18:22:35,card_lock_start,android,8.4.0
a9ddf821122ab8be,21d6921dc79a90e2,2026-08-26 18:22:45,card_select,android,8.4.0
a9ddf821122ab8be,21d6921dc79a90e2,2026-08-26 18:23:00,lock_reason_select,android,8.4.0
a9ddf821122ab8be,21d6921dc79a90e2,2026-08-26 18:23:08,lock_confirm,android,8.4.0
a9ddf821122ab8be,21d6921dc79a90e2,2026-08-26 18:23:10,lock_success,android,8.4.0
a9ddf821122ab8be,21d6921dc79a90e2,2026-08-26 18:28:36,unlock_start,android,8.4.0
a9ddf821122ab8be,21d6921dc79a90e2,2026-08-26 18:28:44,unlock_success,android,8.4.0
164a97c541df3472,1d0521d937e81e22,2026-08-26 18:35:44,card_lock_start,ios,8.4.1
164a97c541df3472,1d0521d937e81e22,2026-08-26 18:35:50,card_select,ios,8.4.1
164a97c541df3472,1d0521d937e81e22,2026-08-26 18:36:07,lock_reason_select,ios,8.4.1
164a97c541df3472,1d0521d937e81e22,2026-08-26 18:36:11,lock_confirm,ios,8.4.1
164a97c541df3472,1d0521d937e81e22,2026-08-26 18:36:13,lock_success,ios,8.4.1
f7814e17ffd37d13,0be2718025c309f9,2026-08-26 18:45:17,card_lock_start,android,8.3.0
f7814e17ffd37d13,0be2718025c309f9,2026-08-26 18:45:21,card_select,android,8.3.0
f7814e17ffd37d13,0be2718025c309f9,2026-08-26 18:45:29,lock_reason_select,android,8.3.0
f7814e17ffd37d13,0be2718025c309f9,2026-08-26 18:45:36,lock_confirm,android,8.3.0
f7814e17ffd37d13,0be2718025c309f9,2026-08-26 18:45:39,lock_success,android,8.3.0
c0f98a5d920bd8e0,1a3ce8ff3ee92380,2026-08-26 20:45:21,card_lock_start,ios,8.4.1
c0f98a5d920bd8e0,1a3ce8ff3ee92380,2026-08-26 20:45:29,card_select,ios,8.4.1
c0f98a5d920bd8e0,1a3ce8ff3ee92380,2026-08-26 20:45:35,lock_reason_select,ios,8.4.1
c0f98a5d920bd8e0,1a3ce8ff3ee92380,2026-08-26 20:45:38,lock_confirm,ios,8.4.1
c0f98a5d920bd8e0,1a3ce8ff3ee92380,2026-08-26 20:45:41,lock_success,ios,8.4.1
df9df2cd092c2144,293ad577feda2f3b,2026-08-26 21:27:56,unlock_start,android,8.3.0
df9df2cd092c2144,293ad577feda2f3b,2026-08-26 21:28:03,unlock_success,android,8.3.0
7b0f89655836d7f2,1a0ba561de996986,2026-08-27 09:06:28,card_lock_start,ios,8.4.1
7b0f89655836d7f2,1a0ba561de996986,2026-08-27 09:06:33,card_select,ios,8.4.1
7b0f89655836d7f2,1a0ba561de996986,2026-08-27 09:06:45,lock_reason_select,ios,8.4.1
7b0f89655836d7f2,1a0ba561de996986,2026-08-27 09:06:55,lock_confirm,ios,8.4.1
7b0f89655836d7f2,1a0ba561de996986,2026-08-27 09:06:58,lock_success,ios,8.4.1
251329bb3867ee15,3e90ac3ca7ffbbf7,2026-08-27 09:13:07,card_lock_start,ios,8.4.1
251329bb3867ee15,3e90ac3ca7ffbbf7,2026-08-27 09:13:10,card_select,ios,8.4.1
251329bb3867ee15,3e90ac3ca7ffbbf7,2026-08-27 09:13:22,lock_reason_select,ios,8.4.1
251329bb3867ee15,3e90ac3ca7ffbbf7,2026-08-27 09:13:25,lock_confirm,ios,8.4.1
251329bb3867ee15,3e90ac3ca7ffbbf7,2026-08-27 09:13:26,lock_success,ios,8.4.1
5c86afed06b1d2f6,321c7e12fa00b5b9,2026-08-27 10:39:45,card_lock_start,android,8.5.0
5c86afed06b1d2f6,321c7e12fa00b5b9,2026-08-27 10:39:49,card_select,android,8.5.0
5c86afed06b1d2f6,321c7e12fa00b5b9,2026-08-27 10:40:10,lock_reason_select,android,8.5.0
5c86afed06b1d2f6,321c7e12fa00b5b9,2026-08-27 10:40:15,lock_confirm,android,8.5.0
5c86afed06b1d2f6,321c7e12fa00b5b9,2026-08-27 10:40:17,lock_error,android,8.5.0
437dad60fecbf289,0b63a47264848854,2026-08-27 13:43:35,card_lock_start,ios,8.5.0
437dad60fecbf289,0b63a47264848854,2026-08-27 13:43:40,card_select,ios,8.5.0
437dad60fecbf289,0b63a47264848854,2026-08-27 13:44:01,lock_reason_select,ios,8.5.0
437dad60fecbf289,0b63a47264848854,2026-08-27 13:44:08,lock_confirm,ios,8.5.0
437dad60fecbf289,0b63a47264848854,2026-08-27 13:44:10,lock_success,ios,8.5.0
437dad60fecbf289,0b63a47264848854,2026-08-27 13:46:12,unlock_start,ios,8.5.0
437dad60fecbf289,0b63a47264848854,2026-08-27 13:46:20,unlock_success,ios,8.5.0
929433c505085068,072216f96082a64c,2026-08-27 13:53:22,card_lock_start,ios,8.5.0
929433c505085068,072216f96082a64c,2026-08-27 13:53:34,card_select,ios,8.5.0
929433c505085068,072216f96082a64c,2026-08-27 13:53:53,lock_reason_select,ios,8.5.0
929433c505085068,072216f96082a64c,2026-08-27 13:53:55,lock_confirm,ios,8.5.0
929433c505085068,072216f96082a64c,2026-08-27 13:53:57,lock_success,ios,8.5.0
977dfdff3c80be39,12a15cc0993a93f7,2026-08-27 14:02:27,card_lock_start,android,8.4.0
977dfdff3c80be39,12a15cc0993a93f7,2026-08-27 14:02:34,card_select,android,8.4.0
977dfdff3c80be39,12a15cc0993a93f7,2026-08-27 14:02:40,lock_reason_select,android,8.4.0
977dfdff3c80be39,12a15cc0993a93f7,2026-08-27 14:02:55,lock_confirm,android,8.4.0
977dfdff3c80be39,12a15cc0993a93f7,2026-08-27 14:02:58,lock_success,android,8.4.0
02e5c0c5069db156,29fc2d0d4d9963a4,2026-08-27 15:24:12,card_lock_start,android,8.3.0
02e5c0c5069db156,29fc2d0d4d9963a4,2026-08-27 15:24:24,card_select,android,8.3.0
9d7a62a78dc673a8,06d21d1e4543d6ab,2026-08-27 15:27:48,card_lock_start,android,8.3.0
9d7a62a78dc673a8,06d21d1e4543d6ab,2026-08-27 15:27:53,card_select,android,8.3.0
9d7a62a78dc673a8,06d21d1e4543d6ab,2026-08-27 15:28:01,lock_reason_select,android,8.3.0
9d7a62a78dc673a8,06d21d1e4543d6ab,2026-08-27 15:28:07,lock_confirm,android,8.3.0
9d7a62a78dc673a8,06d21d1e4543d6ab,2026-08-27 15:28:09,lock_success,android,8.3.0
8df4ab259cefb461,2642f0a656f5d00f,2026-08-27 15:32:05,card_lock_start,ios,8.5.0
8df4ab259cefb461,2642f0a656f5d00f,2026-08-27 15:32:15,card_select,ios,8.5.0
8df4ab259cefb461,2642f0a656f5d00f,2026-08-27 15:32:36,lock_reason_select,ios,8.5.0
8df4ab259cefb461,2642f0a656f5d00f,2026-08-27 15:32:45,lock_confirm,ios,8.5.0
8df4ab259cefb461,2642f0a656f5d00f,2026-08-27 15:32:47,lock_success,ios,8.5.0
9d7a62a78dc673a8,06d21d1e4543d6ab,2026-08-27 15:35:17,unlock_start,android,8.3.0
9d7a62a78dc673a8,06d21d1e4543d6ab,2026-08-27 15:35:24,unlock_success,android,8.3.0
841413e36b582427,34943edb6c743526,2026-08-27 15:58:48,unlock_start,ios,8.5.0
841413e36b582427,34943edb6c743526,2026-08-27 15:59:00,unlock_success,ios,8.5.0
9b1cbbad26c0d1a9,187f9a581ee25e57,2026-08-27 17:37:45,card_lock_start,ios,8.5.0
9b1cbbad26c0d1a9,187f9a581ee25e57,2026-08-27 17:37:50,card_select,ios,8.5.0
e9e6b55002734e30,35724387813475c3,2026-08-27 22:58:27,unlock_start,ios,8.3.0
e9e6b55002734e30,35724387813475c3,2026-08-27 22:58:38,unlock_success,ios,8.3.0
03df5e8bb6aad804,3b64b61f780c928a,2026-08-28 00:25:22,unlock_start,ios,8.4.1
03df5e8bb6aad804,3b64b61f780c928a,2026-08-28 00:25:36,unlock_success,ios,8.4.1
c7aceb7981b975a1,24abc6313ff50d59,2026-08-28 01:38:56,card_lock_start,ios,8.4.1
c7aceb7981b975a1,24abc6313ff50d59,2026-08-28 01:39:07,card_select,ios,8.4.1
c7aceb7981b975a1,24abc6313ff50d59,2026-08-28 01:39:29,lock_reason_select,ios,8.4.1
c7aceb7981b975a1,24abc6313ff50d59,2026-08-28 01:39:33,lock_confirm,ios,8.4.1
c7aceb7981b975a1,24abc6313ff50d59,2026-08-28 01:39:35,lock_success,ios,8.4.1
6b08be1156669895,361bfb66edcded4d,2026-08-28 06:45:49,card_lock_start,android,8.5.0
6b08be1156669895,361bfb66edcded4d,2026-08-28 06:45:58,card_select,android,8.5.0
6b08be1156669895,361bfb66edcded4d,2026-08-28 06:46:07,lock_reason_select,android,8.5.0
eef5e664693a5c7a,3df05f8649c334e3,2026-08-28 08:53:04,unlock_start,android,8.4.0
eef5e664693a5c7a,3df05f8649c334e3,2026-08-28 08:53:18,unlock_success,android,8.4.0
2cca3b45b23d9812,293364b51b074f85,2026-08-28 09:40:27,card_lock_start,android,8.5.0
2cca3b45b23d9812,293364b51b074f85,2026-08-28 09:40:29,card_select,android,8.5.0
2cca3b45b23d9812,293364b51b074f85,2026-08-28 09:40:42,lock_reason_select,android,8.5.0
2cca3b45b23d9812,293364b51b074f85,2026-08-28 09:40:51,lock_confirm,android,8.5.0
2cca3b45b23d9812,293364b51b074f85,2026-08-28 09:40:53,lock_error,android,8.5.0
0027aa8b47871097,0e6faa73737f4781,2026-08-28 10:10:08,card_lock_start,android,8.4.0
70e51201ef4a90dd,34c4095d4d393393,2026-08-28 10:10:36,card_lock_start,android,8.2.1
70e51201ef4a90dd,34c4095d4d393393,2026-08-28 10:10:42,card_select,android,8.2.1
70e51201ef4a90dd,34c4095d4d393393,2026-08-28 10:10:53,lock_reason_select,android,8.2.1
70e51201ef4a90dd,34c4095d4d393393,2026-08-28 10:11:15,lock_confirm,android,8.2.1
70e51201ef4a90dd,34c4095d4d393393,2026-08-28 10:11:16,lock_success,android,8.2.1
70e51201ef4a90dd,34c4095d4d393393,2026-08-28 10:16:03,unlock_start,android,8.2.1
70e51201ef4a90dd,34c4095d4d393393,2026-08-28 10:16:13,unlock_success,android,8.2.1
0d4fb88c3bbfc049,3961ed9d8336f0b9,2026-08-28 12:36:19,card_lock_start,android,8.5.0
0d4fb88c3bbfc049,3961ed9d8336f0b9,2026-08-28 12:36:25,card_select,android,8.5.0
16ac16d1d4906012,36cb7f539980a317,2026-08-28 13:22:28,card_lock_start,android,8.3.0
16ac16d1d4906012,36cb7f539980a317,2026-08-28 13:22:35,card_select,android,8.3.0
ee009586effcf2d0,237841b9443e1936,2026-08-28 13:46:16,card_lock_start,android,8.5.0
ee009586effcf2d0,237841b9443e1936,2026-08-28 13:46:21,card_select,android,8.5.0
ee009586effcf2d0,237841b9443e1936,2026-08-28 13:46:50,lock_reason_select,android,8.5.0
ee009586effcf2d0,237841b9443e1936,2026-08-28 13:46:54,lock_confirm,android,8.5.0
ee009586effcf2d0,237841b9443e1936,2026-08-28 13:46:56,lock_success,android,8.5.0
a0a55a8fbe024f5b,34b991df93217083,2026-08-28 15:28:33,card_lock_start,android,8.5.0
a0a55a8fbe024f5b,34b991df93217083,2026-08-28 15:28:41,card_select,android,8.5.0
a0a55a8fbe024f5b,34b991df93217083,2026-08-28 15:28:51,lock_reason_select,android,8.5.0
a0a55a8fbe024f5b,34b991df93217083,2026-08-28 15:28:58,lock_confirm,android,8.5.0
a0a55a8fbe024f5b,34b991df93217083,2026-08-28 15:29:00,lock_success,android,8.5.0
b2a53d59b4230381,20839fffc65702d0,2026-08-28 15:50:23,card_lock_start,android,8.2.1
b2a53d59b4230381,20839fffc65702d0,2026-08-28 15:50:26,card_select,android,8.2.1
b2a53d59b4230381,20839fffc65702d0,2026-08-28 15:50:34,lock_reason_select,android,8.2.1
b2a53d59b4230381,20839fffc65702d0,2026-08-28 15:50:39,lock_confirm,android,8.2.1
b2a53d59b4230381,20839fffc65702d0,2026-08-28 15:50:41,lock_success,android,8.2.1
2a246d17167e20e7,0fded109ff9733b6,2026-08-28 17:24:01,card_lock_start,android,8.5.0
2a246d17167e20e7,0fded109ff9733b6,2026-08-28 17:24:05,card_select,android,8.5.0
2a246d17167e20e7,0fded109ff9733b6,2026-08-28 17:24:19,lock_reason_select,android,8.5.0
2a246d17167e20e7,0fded109ff9733b6,2026-08-28 17:24:23,lock_confirm,android,8.5.0
2a246d17167e20e7,0fded109ff9733b6,2026-08-28 17:24:25,lock_success,android,8.5.0
7778db9348d7879e,0cb2b6553665f6be,2026-08-28 17:27:54,card_lock_start,ios,8.5.0
7778db9348d7879e,0cb2b6553665f6be,2026-08-28 17:27:58,card_select,ios,8.5.0
7778db9348d7879e,0cb2b6553665f6be,2026-08-28 17:28:12,lock_reason_select,ios,8.5.0
7778db9348d7879e,0cb2b6553665f6be,2026-08-28 17:28:16,lock_confirm,ios,8.5.0
7778db9348d7879e,0cb2b6553665f6be,2026-08-28 17:28:18,lock_success,ios,8.5.0
16f2885b187fac3c,2d6749a464d73b77,2026-08-28 18:30:20,card_lock_start,ios,8.5.0
16f2885b187fac3c,2d6749a464d73b77,2026-08-28 18:30:28,card_select,ios,8.5.0
16f2885b187fac3c,2d6749a464d73b77,2026-08-28 18:30:39,lock_reason_select,ios,8.5.0
16f2885b187fac3c,2d6749a464d73b77,2026-08-28 18:30:45,lock_confirm,ios,8.5.0
16f2885b187fac3c,2d6749a464d73b77,2026-08-28 18:30:47,lock_success,ios,8.5.0
1d528a3fb895449b,0f76aa79d7acb7fb,2026-08-28 23:41:08,unlock_start,android,8.3.0
1d528a3fb895449b,0f76aa79d7acb7fb,2026-08-28 23:41:14,unlock_success,android,8.3.0
573f3008d7453f6e,3e20b108cc471161,2026-08-29 08:15:08,card_lock_start,android,8.4.0
573f3008d7453f6e,3e20b108cc471161,2026-08-29 08:15:11,card_select,android,8.4.0
573f3008d7453f6e,3e20b108cc471161,2026-08-29 08:15:31,lock_reason_select,android,8.4.0
573f3008d7453f6e,3e20b108cc471161,2026-08-29 08:15:49,lock_confirm,android,8.4.0
573f3008d7453f6e,3e20b108cc471161,2026-08-29 08:15:50,lock_success,android,8.4.0
bd5f7e1f6f5e980c,0b33beec067c5d12,2026-08-29 08:49:39,card_lock_start,ios,8.5.0
bd5f7e1f6f5e980c,0b33beec067c5d12,2026-08-29 08:49:41,card_select,ios,8.5.0
bd5f7e1f6f5e980c,0b33beec067c5d12,2026-08-29 08:49:50,lock_reason_select,ios,8.5.0
bd5f7e1f6f5e980c,0b33beec067c5d12,2026-08-29 08:49:53,lock_confirm,ios,8.5.0
bd5f7e1f6f5e980c,0b33beec067c5d12,2026-08-29 08:49:55,lock_success,ios,8.5.0
8693d8d03987b4f6,2a7cd372ec8954d1,2026-08-29 11:09:21,card_lock_start,android,8.5.0
8693d8d03987b4f6,2a7cd372ec8954d1,2026-08-29 11:09:24,card_select,android,8.5.0
8693d8d03987b4f6,2a7cd372ec8954d1,2026-08-29 11:09:35,lock_reason_select,android,8.5.0
8693d8d03987b4f6,2a7cd372ec8954d1,2026-08-29 11:09:43,lock_confirm,android,8.5.0
8693d8d03987b4f6,2a7cd372ec8954d1,2026-08-29 11:09:45,lock_success,android,8.5.0
ffc2cc4a6f952a87,0cb7a6f6cdb8aaaf,2026-08-29 12:18:47,card_lock_start,android,8.3.0
ffc2cc4a6f952a87,0cb7a6f6cdb8aaaf,2026-08-29 12:18:55,card_select,android,8.3.0
ffc2cc4a6f952a87,0cb7a6f6cdb8aaaf,2026-08-29 12:19:18,lock_reason_select,android,8.3.0
ffc2cc4a6f952a87,0cb7a6f6cdb8aaaf,2026-08-29 12:19:30,lock_confirm,android,8.3.0
ffc2cc4a6f952a87,0cb7a6f6cdb8aaaf,2026-08-29 12:19:32,lock_success,android,8.3.0
237e27d3324e81e9,1108f4bea6e885c1,2026-08-29 13:03:04,card_lock_start,android,8.3.0
237e27d3324e81e9,1108f4bea6e885c1,2026-08-29 13:03:10,card_select,android,8.3.0
237e27d3324e81e9,1108f4bea6e885c1,2026-08-29 13:03:22,lock_reason_select,android,8.3.0
237e27d3324e81e9,1108f4bea6e885c1,2026-08-29 13:03:24,lock_confirm,android,8.3.0
237e27d3324e81e9,1108f4bea6e885c1,2026-08-29 13:03:27,lock_success,android,8.3.0
376018a6cff3f4b0,2fbc97c746b26fb9,2026-08-29 14:57:00,unlock_start,ios,8.4.1
376018a6cff3f4b0,2fbc97c746b26fb9,2026-08-29 14:57:03,unlock_success,ios,8.4.1
394d6b06517da896,1d2464b903486e45,2026-08-29 16:01:23,card_lock_start,ios,8.5.0
394d6b06517da896,1d2464b903486e45,2026-08-29 16:01:31,card_select,ios,8.5.0
394d6b06517da896,1d2464b903486e45,2026-08-29 16:01:40,lock_reason_select,ios,8.5.0
394d6b06517da896,1d2464b903486e45,2026-08-29 16:01:43,lock_confirm,ios,8.5.0
394d6b06517da896,1d2464b903486e45,2026-08-29 16:01:45,lock_success,ios,8.5.0
e7a157cc3073d853,2653b0f5c18c711e,2026-08-29 16:22:10,card_lock_start,ios,8.4.1
e7a157cc3073d853,2653b0f5c18c711e,2026-08-29 16:22:17,card_select,ios,8.4.1
e7a157cc3073d853,2653b0f5c18c711e,2026-08-29 16:22:59,lock_reason_select,ios,8.4.1
e7a157cc3073d853,2653b0f5c18c711e,2026-08-29 16:23:02,lock_confirm,ios,8.4.1
e7a157cc3073d853,2653b0f5c18c711e,2026-08-29 16:23:05,lock_success,ios,8.4.1
ceda0b4f47403f0c,06cde1ef1cb816c6,2026-08-29 16:59:07,unlock_start,android,8.2.1
ceda0b4f47403f0c,06cde1ef1cb816c6,2026-08-29 16:59:19,unlock_success,android,8.2.1
d0622a718298633c,32268b3565f797c7,2026-08-29 17:48:54,card_lock_start,ios,8.4.1
d402204f32004599,15725beeb761bc33,2026-08-29 18:24:36,card_lock_start,android,8.5.0
d402204f32004599,15725beeb761bc33,2026-08-29 18:24:40,card_select,android,8.5.0
d402204f32004599,15725beeb761bc33,2026-08-29 18:25:01,lock_reason_select,android,8.5.0
d402204f32004599,15725beeb761bc33,2026-08-29 18:25:07,lock_confirm,android,8.5.0
d402204f32004599,15725beeb761bc33,2026-08-29 18:25:09,lock_success,android,8.5.0
64330ed515c1f675,0631da6264837a5e,2026-08-29 19:03:42,card_lock_start,android,8.2.1
64330ed515c1f675,0631da6264837a5e,2026-08-29 19:03:49,card_select,android,8.2.1
64330ed515c1f675,0631da6264837a5e,2026-08-29 19:04:06,lock_reason_select,android,8.2.1
d1964524e980de50,3c594a20cda3dee1,2026-08-29 19:18:40,card_lock_start,android,8.3.0
d1964524e980de50,3c594a20cda3dee1,2026-08-29 19:18:47,card_select,android,8.3.0
d1964524e980de50,3c594a20cda3dee1,2026-08-29 19:18:54,lock_reason_select,android,8.3.0
d1964524e980de50,3c594a20cda3dee1,2026-08-29 19:19:02,lock_confirm,android,8.3.0
d1964524e980de50,3c594a20cda3dee1,2026-08-29 19:19:04,lock_error,android,8.3.0
665840ae8cf94f1c,030c402165ff592d,2026-08-29 20:08:14,card_lock_start,android,8.2.1
665840ae8cf94f1c,030c402165ff592d,2026-08-29 20:08:20,card_select,android,8.2.1
665840ae8cf94f1c,030c402165ff592d,2026-08-29 20:08:30,lock_reason_select,android,8.2.1
665840ae8cf94f1c,030c402165ff592d,2026-08-29 20:08:36,lock_confirm,android,8.2.1
665840ae8cf94f1c,030c402165ff592d,2026-08-29 20:08:38,lock_success,android,8.2.1
774bd70e9396634f,330c89410fd56ea7,2026-08-29 20:41:26,card_lock_start,android,8.5.0
774bd70e9396634f,330c89410fd56ea7,2026-08-29 20:41:33,card_select,android,8.5.0
774bd70e9396634f,330c89410fd56ea7,2026-08-29 20:41:56,lock_reason_select,android,8.5.0
774bd70e9396634f,330c89410fd56ea7,2026-08-29 20:42:08,lock_confirm,android,8.5.0
774bd70e9396634f,330c89410fd56ea7,2026-08-29 20:42:11,lock_success,android,8.5.0
dc6ff380fdbbfb43,044d8eea5a0dd685,2026-08-29 21:05:33,card_lock_start,android,8.4.0
dc6ff380fdbbfb43,044d8eea5a0dd685,2026-08-29 21:05:35,card_select,android,8.4.0
dc6ff380fdbbfb43,044d8eea5a0dd685,2026-08-29 21:05:51,lock_reason_select,android,8.4.0
dc6ff380fdbbfb43,044d8eea5a0dd685,2026-08-29 21:05:58,lock_confirm,android,8.4.0
dc6ff380fdbbfb43,044d8eea5a0dd685,2026-08-29 21:06:01,lock_success,android,8.4.0
dc6ff380fdbbfb43,044d8eea5a0dd685,2026-08-29 21:08:05,unlock_start,android,8.4.0
dc6ff380fdbbfb43,044d8eea5a0dd685,2026-08-29 21:08:08,unlock_success,android,8.4.0
198592e4ce256ec1,23d5ae3965599512,2026-08-29 22:31:55,unlock_start,android,8.3.0
198592e4ce256ec1,23d5ae3965599512,2026-08-29 22:32:01,unlock_success,android,8.3.0
1264108908a4d8e8,3a0fe4942699ba20,2026-08-29 22:44:46,card_lock_start,ios,8.5.0
1264108908a4d8e8,3a0fe4942699ba20,2026-08-29 22:44:51,card_select,ios,8.5.0
1264108908a4d8e8,3a0fe4942699ba20,2026-08-29 22:45:01,lock_reason_select,ios,8.5.0
1264108908a4d8e8,3a0fe4942699ba20,2026-08-29 22:45:08,lock_confirm,ios,8.5.0
1264108908a4d8e8,3a0fe4942699ba20,2026-08-29 22:45:10,lock_success,ios,8.5.0
802b336df68cd116,257df725b2f9cb1a,2026-08-29 23:06:56,card_lock_start,android,8.3.0
802b336df68cd116,257df725b2f9cb1a,2026-08-29 23:07:04,card_select,android,8.3.0
802b336df68cd116,257df725b2f9cb1a,2026-08-29 23:07:16,lock_reason_select,android,8.3.0
ceda0b4f47403f0c,0845a42efa4c2779,2026-08-30 03:53:23,card_lock_start,android,8.2.1
ceda0b4f47403f0c,0845a42efa4c2779,2026-08-30 03:53:30,card_select,android,8.2.1
ceda0b4f47403f0c,0845a42efa4c2779,2026-08-30 03:53:41,lock_reason_select,android,8.2.1
ceda0b4f47403f0c,0845a42efa4c2779,2026-08-30 03:53:45,lock_confirm,android,8.2.1
ceda0b4f47403f0c,0845a42efa4c2779,2026-08-30 03:53:46,lock_error,android,8.2.1
e9e7466ecc8e0c55,3ad732c8f7706b74,2026-08-30 04:28:52,card_lock_start,ios,8.4.1
e9e7466ecc8e0c55,3ad732c8f7706b74,2026-08-30 04:29:03,card_select,ios,8.4.1
e9e7466ecc8e0c55,3ad732c8f7706b74,2026-08-30 04:29:18,lock_reason_select,ios,8.4.1
e9e7466ecc8e0c55,3ad732c8f7706b74,2026-08-30 04:29:24,lock_confirm,ios,8.4.1
e9e7466ecc8e0c55,3ad732c8f7706b74,2026-08-30 04:29:25,lock_success,ios,8.4.1
e9e7466ecc8e0c55,3ad732c8f7706b74,2026-08-30 04:30:08,unlock_start,ios,8.4.1
e9e7466ecc8e0c55,3ad732c8f7706b74,2026-08-30 04:30:16,unlock_success,ios,8.4.1
2b4aa3b2296be7fb,3e522b7fe35569bb,2026-08-30 06:20:06,card_lock_start,ios,8.4.1
2b4aa3b2296be7fb,3e522b7fe35569bb,2026-08-30 06:20:10,card_select,ios,8.4.1
2b4aa3b2296be7fb,3e522b7fe35569bb,2026-08-30 06:20:36,lock_reason_select,ios,8.4.1
2b4aa3b2296be7fb,3e522b7fe35569bb,2026-08-30 06:20:42,lock_confirm,ios,8.4.1
2b4aa3b2296be7fb,3e522b7fe35569bb,2026-08-30 06:20:43,lock_success,ios,8.4.1
a1d59f3169af7920,20d53f62f87eae65,2026-08-30 06:26:57,card_lock_start,ios,8.5.0
a1d59f3169af7920,20d53f62f87eae65,2026-08-30 06:27:13,card_select,ios,8.5.0
a1d59f3169af7920,20d53f62f87eae65,2026-08-30 06:27:29,lock_reason_select,ios,8.5.0
a1d59f3169af7920,20d53f62f87eae65,2026-08-30 06:27:34,lock_confirm,ios,8.5.0
a1d59f3169af7920,20d53f62f87eae65,2026-08-30 06:27:36,lock_success,ios,8.5.0
c1b4a792887986c7,12b917a5343dd86e,2026-08-30 08:09:12,card_lock_start,android,8.3.0
ff486cee100fccc1,3d341a0f473d0a4b,2026-08-30 08:16:01,card_lock_start,android,8.5.0
ff486cee100fccc1,3d341a0f473d0a4b,2026-08-30 08:16:10,card_select,android,8.5.0
ff486cee100fccc1,3d341a0f473d0a4b,2026-08-30 08:16:19,lock_reason_select,android,8.5.0
ff486cee100fccc1,3d341a0f473d0a4b,2026-08-30 08:16:23,lock_confirm,android,8.5.0
ff486cee100fccc1,3d341a0f473d0a4b,2026-08-30 08:16:25,lock_success,android,8.5.0
287e80887ebaac97,27464403ab601940,2026-08-30 08:21:15,card_lock_start,ios,8.4.1
287e80887ebaac97,27464403ab601940,2026-08-30 08:21:24,card_select,ios,8.4.1
287e80887ebaac97,27464403ab601940,2026-08-30 08:21:30,lock_reason_select,ios,8.4.1
287e80887ebaac97,27464403ab601940,2026-08-30 08:21:40,lock_confirm,ios,8.4.1
287e80887ebaac97,27464403ab601940,2026-08-30 08:21:41,lock_success,ios,8.4.1
6b08be1156669895,379e3b435c7d8917,2026-08-30 08:22:16,unlock_start,android,8.5.0
6b08be1156669895,379e3b435c7d8917,2026-08-30 08:22:29,unlock_success,android,8.5.0
6ccac48fdcc8b9d9,33888b8ffc9c9f98,2026-08-30 08:30:12,unlock_start,android,8.2.1
6ccac48fdcc8b9d9,33888b8ffc9c9f98,2026-08-30 08:30:19,unlock_success,android,8.2.1
1f7d7b2ed1705014,2d5d37e2f86311cc,2026-08-30 08:54:08,card_lock_start,android,8.3.0
1f7d7b2ed1705014,2d5d37e2f86311cc,2026-08-30 08:54:14,card_select,android,8.3.0
1f7d7b2ed1705014,2d5d37e2f86311cc,2026-08-30 08:54:21,lock_reason_select,android,8.3.0
1f7d7b2ed1705014,2d5d37e2f86311cc,2026-08-30 08:54:24,lock_confirm,android,8.3.0
1f7d7b2ed1705014,2d5d37e2f86311cc,2026-08-30 08:54:26,lock_success,android,8.3.0
f45e8e1d5357c5b5,207db24b24ca051f,2026-08-30 10:57:09,card_lock_start,android,8.5.0
f45e8e1d5357c5b5,207db24b24ca051f,2026-08-30 10:57:22,card_select,android,8.5.0
f45e8e1d5357c5b5,207db24b24ca051f,2026-08-30 10:57:45,lock_reason_select,android,8.5.0
f45e8e1d5357c5b5,207db24b24ca051f,2026-08-30 10:57:50,lock_confirm,android,8.5.0
f45e8e1d5357c5b5,207db24b24ca051f,2026-08-30 10:57:53,lock_success,android,8.5.0
70e51201ef4a90dd,077d3089ca479904,2026-08-30 11:53:45,card_lock_start,android,8.2.1
70e51201ef4a90dd,077d3089ca479904,2026-08-30 11:53:48,card_select,android,8.2.1
70e51201ef4a90dd,077d3089ca479904,2026-08-30 11:53:52,lock_reason_select,android,8.2.1
70e51201ef4a90dd,077d3089ca479904,2026-08-30 11:53:58,lock_confirm,android,8.2.1
70e51201ef4a90dd,077d3089ca479904,2026-08-30 11:53:59,lock_success,android,8.2.1
3d8e2801742c8536,06a88956bda155a0,2026-08-30 12:09:10,card_lock_start,android,8.2.1
3d8e2801742c8536,06a88956bda155a0,2026-08-30 12:09:18,card_select,android,8.2.1
3d8e2801742c8536,06a88956bda155a0,2026-08-30 12:09:28,lock_reason_select,android,8.2.1
3d8e2801742c8536,06a88956bda155a0,2026-08-30 12:09:30,lock_confirm,android,8.2.1
3d8e2801742c8536,06a88956bda155a0,2026-08-30 12:09:33,lock_success,android,8.2.1
67a2a6ef60246e75,2b8c75306af5d592,2026-08-30 12:21:04,card_lock_start,ios,8.3.0
67a2a6ef60246e75,2b8c75306af5d592,2026-08-30 12:21:10,card_select,ios,8.3.0
67a2a6ef60246e75,2b8c75306af5d592,2026-08-30 12:21:27,lock_reason_select,ios,8.3.0
67a2a6ef60246e75,2b8c75306af5d592,2026-08-30 12:21:33,lock_confirm,ios,8.3.0
67a2a6ef60246e75,2b8c75306af5d592,2026-08-30 12:21:36,lock_success,ios,8.3.0
18f6420b90264040,1bc9f91567e6a712,2026-08-30 13:21:44,card_lock_start,android,8.4.0
18f6420b90264040,1bc9f91567e6a712,2026-08-30 13:21:51,card_select,android,8.4.0
18f6420b90264040,1bc9f91567e6a712,2026-08-30 13:22:05,lock_reason_select,android,8.4.0
18f6420b90264040,1bc9f91567e6a712,2026-08-30 13:22:13,lock_confirm,android,8.4.0
18f6420b90264040,1bc9f91567e6a712,2026-08-30 13:22:14,lock_success,android,8.4.0
60a78d4b65b3dbbb,3ca1dabd4fa5e390,2026-08-30 16:41:13,card_lock_start,android,8.5.0
60a78d4b65b3dbbb,3ca1dabd4fa5e390,2026-08-30 16:41:20,card_select,android,8.5.0
60a78d4b65b3dbbb,3ca1dabd4fa5e390,2026-08-30 16:41:37,lock_reason_select,android,8.5.0
60a78d4b65b3dbbb,3ca1dabd4fa5e390,2026-08-30 16:41:40,lock_confirm,android,8.5.0
60a78d4b65b3dbbb,3ca1dabd4fa5e390,2026-08-30 16:41:42,lock_success,android,8.5.0
5d574497dfd51397,07735ebfae307fdb,2026-08-30 16:42:34,card_lock_start,android,8.5.0
5d574497dfd51397,07735ebfae307fdb,2026-08-30 16:42:38,card_select,android,8.5.0
5d574497dfd51397,07735ebfae307fdb,2026-08-30 16:42:51,lock_reason_select,android,8.5.0
5d574497dfd51397,07735ebfae307fdb,2026-08-30 16:42:57,lock_confirm,android,8.5.0
5d574497dfd51397,07735ebfae307fdb,2026-08-30 16:42:59,lock_success,android,8.5.0
5d574497dfd51397,07735ebfae307fdb,2026-08-30 16:45:58,unlock_start,android,8.5.0
5d574497dfd51397,07735ebfae307fdb,2026-08-30 16:46:12,unlock_success,android,8.5.0
852dc0dc8d18d541,0a784776b11fc321,2026-08-30 17:21:21,card_lock_start,android,8.4.0
852dc0dc8d18d541,0a784776b11fc321,2026-08-30 17:21:27,card_select,android,8.4.0
852dc0dc8d18d541,0a784776b11fc321,2026-08-30 17:21:39,lock_reason_select,android,8.4.0
852dc0dc8d18d541,0a784776b11fc321,2026-08-30 17:21:43,lock_confirm,android,8.4.0
852dc0dc8d18d541,0a784776b11fc321,2026-08-30 17:21:46,lock_success,android,8.4.0
71aed6f754a55400,3c80875ebcc084fc,2026-08-30 18:11:43,card_lock_start,ios,8.5.0
71aed6f754a55400,3c80875ebcc084fc,2026-08-30 18:11:52,card_select,ios,8.5.0
71aed6f754a55400,3c80875ebcc084fc,2026-08-30 18:12:22,lock_reason_select,ios,8.5.0
71aed6f754a55400,3c80875ebcc084fc,2026-08-30 18:12:28,lock_confirm,ios,8.5.0
71aed6f754a55400,3c80875ebcc084fc,2026-08-30 18:12:31,lock_error,ios,8.5.0
513d7418b15387c0,359994a0758765ad,2026-08-30 19:34:20,unlock_start,android,8.4.0
513d7418b15387c0,359994a0758765ad,2026-08-30 19:34:34,unlock_success,android,8.4.0
b8d092c8f28073b4,2ec15dcb5010dd8a,2026-08-30 19:43:26,card_lock_start,android,8.3.0
24f6a83521b9f857,23370073d98bb293,2026-08-30 19:45:22,card_lock_start,ios,8.4.1
24f6a83521b9f857,23370073d98bb293,2026-08-30 19:45:28,card_select,ios,8.4.1
24f6a83521b9f857,23370073d98bb293,2026-08-30 19:45:31,lock_reason_select,ios,8.4.1
24f6a83521b9f857,23370073d98bb293,2026-08-30 19:45:35,lock_confirm,ios,8.4.1
24f6a83521b9f857,23370073d98bb293,2026-08-30 19:45:36,lock_success,ios,8.4.1
f597b6a4a8e041bb,3077e0e2bf51b1c3,2026-08-30 20:46:19,card_lock_start,ios,8.4.1
f597b6a4a8e041bb,3077e0e2bf51b1c3,2026-08-30 20:46:24,card_select,ios,8.4.1
072c4c4dcde25ee1,25b9e9a415a7f870,2026-08-30 21:07:23,card_lock_start,ios,8.5.0
072c4c4dcde25ee1,25b9e9a415a7f870,2026-08-30 21:07:28,card_select,ios,8.5.0
072c4c4dcde25ee1,25b9e9a415a7f870,2026-08-30 21:07:34,lock_reason_select,ios,8.5.0
072c4c4dcde25ee1,25b9e9a415a7f870,2026-08-30 21:07:43,lock_confirm,ios,8.5.0
072c4c4dcde25ee1,25b9e9a415a7f870,2026-08-30 21:07:46,lock_success,ios,8.5.0
c1292c69eb6ab02d,0481cffbcce63bfd,2026-08-30 23:03:38,unlock_start,ios,8.4.1
c1292c69eb6ab02d,0481cffbcce63bfd,2026-08-30 23:03:47,unlock_success,ios,8.4.1
217f31e1e784dbac,234efa60298f27ba,2026-08-30 23:08:08,unlock_start,android,8.3.0
217f31e1e784dbac,234efa60298f27ba,2026-08-30 23:08:15,unlock_success,android,8.3.0
a508553b40778feb,2fb3c5bbbd59b827,2026-08-30 23:13:35,card_lock_start,android,8.3.0
a508553b40778feb,2fb3c5bbbd59b827,2026-08-30 23:13:41,card_select,android,8.3.0
